Kavya Bansal,kavya.bansal@mail.com,BEL-KOT-011,1997-02-01,internal,Welcome@123
Shivansh Sanyal,shivansh.sanyal@mail.com,BEL-KOT-012,2002-03-27,external,Welcome@123
Amit Khandelwal,amit.khandelwal@mail.com,BEL-KOT-013,2002-12-21,internal,Welcome@123
Ishaan Bandyopadhyay,ishaan.bandyopadhyay@mail.com,BEL-KOT-014,1999-02-16,external,Welcome@123
Sohan Shah,sohan.shah@mail.com,BEL-KOT-015,1995-04-15,internal,Welcome@123
Usha Kapoor,usha.kapoor@mail.com,BEL-KOT-016,2003-02-07,external,Welcome@123
Aadhira Pandey,aadhira.pandey@mail.com,BEL-KOT-017,2000-09-16,internal,Welcome@123
Pihu Verma,pihu.verma@mail.com,BEL-KOT-018,2005-02-25,external,Welcome@123
Diya Saha,diya.saha@mail.com,BEL-KOT-019,1995-09-21,internal,Welcome@123
Vinod Chattopadhyay,vinod.chattopadhyay@mail.com,BEL-KOT-020,1997-08-09,external,Welcome@123
Prakash Das,prakash.das@mail.com,BEL-KOT-021,1998-10-26,internal,Welcome@123
Madhuri Halder,madhuri.halder@mail.com,BEL-KOT-022,2004-06-17,external,Welcome@123
Kartik Saxena,kartik.saxena@mail.com,BEL-KOT-023,2002-09-14,internal,Welcome@123
Vihan Mandal,vihan.mandal@mail.com,BEL-KOT-024,2004-10-16,external,Welcome@123
Raghav Ray,raghav.ray@mail.com,BEL-KOT-025,2005-12-09,internal,Welcome@123
Naveen Sarkar,naveen.sarkar@mail.com,BEL-KOT-026,1999-12-08,external,Welcome@123
Pihu Chauhan,pihu.chauhan@mail.com,BEL-KOT-027,2004-09-12,internal,Welcome@123
Advik Mishra,advik.mishra@mail.com,BEL-KOT-028,1999-08-28,external,Welcome@123
Reyansh Bagchi,reyansh.bagchi@mail.com,BEL-KOT-029,1997-06-21,internal,Welcome@123
Kartik Ray,kartik.ray@mail.com,BEL-KOT-030,2004-08-06,external,Welcome@123
Aanya Chakravarty,aanya.chakravarty@mail.com,BEL-KOT-031,1995-06-14,internal,Welcome@123
Pihu Kar,pihu.kar@mail.com,BEL-KOT-032,1995-12-04,external,Welcome@123
Rakesh Chakravarty,rakesh.chakravarty@mail.com,BEL-KOT-033,1999-09-28,internal,Welcome@123
Swati Tiwari,swati.tiwari@mail.com,BEL-KOT-034,1998-02-12,external,Welcome@123
Vinod Bose,vinod.bose@mail.com,BEL-KOT-035,1999-06-21,internal,Welcome@123
Saanvi Dey,saanvi.dey@mail.com,BEL-KOT-036,2002-12-02,external,Welcome@123
Sunita Mandal,sunita.mandal@mail.com,BEL-KOT-037,2005-12-22,internal,Welcome@123
Poonam Ganguly,poonam.ganguly@mail.com,BEL-KOT-038,2004-02-27,external,Welcome@123
Neha Basak,neha.basak@mail.com,BEL-KOT-039,2001-02-26,internal,Welcome@123
Rohan Naidu,rohan.naidu@mail.com,BEL-KOT-040,1996-09-10,external,Welcome@123
Veer Sarkar,veer.sarkar@mail.com,BEL-KOT-041,2001-01-17,internal,Welcome@123
Rajesh Malhotra,rajesh.malhotra@mail.com,BEL-KOT-042,2001-02-25,external,Welcome@123
Rekha Chakrabortty,rekha.chakrabortty@mail.com,BEL-KOT-043,1998-07-14,internal,Welcome@123
Vikram Nandi,vikram.nandi@mail.com,BEL-KOT-044,2002-03-22,external,Welcome@123
Aarav Desai,aarav.desai@mail.com,BEL-KOT-045,2002-07-25,internal,Welcome@123
Rashmi Mehra,rashmi.mehra@mail.com,BEL-KOT-046,1998-09-14,external,Welcome@123
Poonam Halder,poonam.halder@mail.com,BEL-KOT-047,2000-07-09,internal,Welcome@123
Sunita Mukhopadhyay,sunita.mukhopadhyay@mail.com,BEL-KOT-048,2004-11-07,external,Welcome@123
Yash Mazumder,yash.mazumder@mail.com,BEL-KOT-049,1995-09-23,internal,Welcome@123
Suresh Bandyopadhyay,suresh.bandyopadhyay@mail.com,BEL-KOT-050,2002-08-17,external,Welcome@123
Seema Bose,seema.bose@mail.com,BEL-KOT-051,2001-07-17,internal,Welcome@123
Aarav Yadav,aarav.yadav@mail.com,BEL-KOT-052,2004-12-25,external,Welcome@123
Shivansh Chakrabarti,shivansh.chakrabarti@mail.com,BEL-KOT-053,1998-05-25,internal,Welcome@123
Nandini Desai,nandini.desai@mail.com,BEL-KOT-054,2004-12-09,external,Welcome@123
Deepak Bandyopadhyay,deepak.bandyopadhyay@mail.com,BEL-KOT-055,2003-10-11,internal,Welcome@123
Myra Bagchi,myra.bagchi@mail.com,BEL-KOT-056,2002-06-25,external,Welcome@123
Rohan Shastri,rohan.shastri@mail.com,BEL-KOT-057,2005-01-18,internal,Welcome@123
Lata Chattopadhyay,lata.chattopadhyay@mail.com,BEL-KOT-058,1995-06-03,external,Welcome@123
Prisha Gangopadhyay,prisha.gangopadhyay@mail.com,BEL-KOT-059,1999-11-10,internal,Welcome@123
Usha Bandyopadhyay,usha.bandyopadhyay@mail.com,BEL-KOT-060,1996-08-27,external,Welcome@123
Vinod Saxena,vinod.saxena@mail.com,BEL-KOT-061,1999-06-07,internal,Welcome@123
Arav Paul,arav.paul@mail.com,BEL-KOT-062,1999-02-17,external,Welcome@123
Vedant Biswas,vedant.biswas@mail.com,BEL-KOT-063,2005-09-20,internal,Welcome@123
Sneha Majumder,sneha.majumder@mail.com,BEL-KOT-064,1996-10-16,external,Welcome@123
Usha Nandi,usha.nandi@mail.com,BEL-KOT-065,1998-02-17,internal,Welcome@123
Nandini Bansal,nandini.bansal@mail.com,BEL-KOT-066,1997-01-22,external,Welcome@123
Suresh Pandey,suresh.pandey@mail.com,BEL-KOT-067,1996-01-10,internal,Welcome@123
Priya Ganguly,priya.ganguly@mail.com,BEL-KOT-068,2004-03-14,external,Welcome@123
Sara Ghosh,sara.ghosh@mail.com,BEL-KOT-069,2000-03-26,internal,Welcome@123
Anaya Agarwal,anaya.agarwal@mail.com,BEL-KOT-070,2003-01-23,external,Welcome@123
Rekha Dey,rekha.dey@mail.com,BEL-KOT-071,1998-01-13,internal,Welcome@123
Anil Sengupta,anil.sengupta@mail.com,BEL-KOT-072,1995-12-21,external,Welcome@123
Kartik Sarkar,kartik.sarkar@mail.com,BEL-KOT-073,1996-08-09,internal,Welcome@123
Ananya Chattopadhyay,ananya.chattopadhyay@mail.com,BEL-KOT-074,1999-07-12,external,Welcome@123
Aryan Nair,aryan.nair@mail.com,BEL-KOT-075,2003-09-16,internal,Welcome@123
Vinod Mandal,vinod.mandal@mail.com,BEL-KOT-076,1995-05-25,external,Welcome@123
Ananya Chowdhury,ananya.chowdhury@mail.com,BEL-KOT-077,2003-01-06,internal,Welcome@123
Mishti Pal,mishti.pal@mail.com,BEL-KOT-078,2003-08-18,external,Welcome@123
Sara Kapoor,sara.kapoor@mail.com,BEL-KOT-079,2001-12-20,internal,Welcome@123
Anvi Patel,anvi.patel@mail.com,BEL-KOT-080,1996-06-08,external,Welcome@123
Mahesh Sarkar,mahesh.sarkar@mail.com,BEL-KOT-081,2003-09-24,internal,Welcome@123
Darsh Chakrabortty,darsh.chakrabortty@mail.com,BEL-KOT-082,2004-05-20,external,Welcome@123
Darsh Pal,darsh.pal@mail.com,BEL-KOT-083,2002-01-03,internal,Welcome@123
Sneha Pal,sneha.pal@mail.com,BEL-KOT-084,2000-09-01,external,Welcome@123
Mishti Malhotra,mishti.malhotra@mail.com,BEL-KOT-085,1995-11-27,internal,Welcome@123
Saanvi Basak,saanvi.basak@mail.com,BEL-KOT-086,1998-02-03,external,Welcome@123
Zara Pal,zara.pal@mail.com,BEL-KOT-087,2000-09-01,internal,Welcome@123
Harish Singh,harish.singh@mail.com,BEL-KOT-088,2003-10-14,external,Welcome@123
Navya Majumdar,navya.majumdar@mail.com,BEL-KOT-089,1998-11-11,internal,Welcome@123
Arnav Guha,arnav.guha@mail.com,BEL-KOT-090,2002-11-27,external,Welcome@123
Kiran Gangopadhyay,kiran.gangopadhyay@mail.com,BEL-KOT-091,2003-06-05,internal,Welcome@123
Raghav Chakravarty,raghav.chakravarty@mail.com,BEL-KOT-092,2001-04-26,external,Welcome@123
Seema Ghosh,seema.ghosh@mail.com,BEL-KOT-093,2004-04-14,internal,Welcome@123
Mishti Naidu,mishti.naidu@mail.com,BEL-KOT-094,1997-12-03,external,Welcome@123
Tanya Pal,tanya.pal@mail.com,BEL-KOT-095,1997-06-06,internal,Welcome@123
Riya Sarkhel,riya.sarkhel@mail.com,BEL-KOT-096,2004-12-26,external,Welcome@123
Riya Mondal,riya.mondal@mail.com,BEL-KOT-097,2001-07-25,internal,Welcome@123
Rudra Chakrabarti,rudra.chakrabarti@mail.com,BEL-KOT-098,1999-02-05,external,Welcome@123
Madhuri Bhattacharjee,madhuri.bhattacharjee@mail.com,BEL-KOT-099,1995-01-04,internal,Welcome@123
Rajesh Kapoor,rajesh.kapoor@mail.com,BEL-KOT-100,2002-04-03,external,Welcome@123
Anjali Ghosh,anjali.ghosh@mail.com,BEL-KOT-101,2001-04-28,internal,Welcome@123
Darsh Mehra,darsh.mehra@mail.com,BEL-KOT-102,2002-02-02,external,Welcome@123
Ravi Chakrabarti,ravi.chakrabarti@mail.com,BEL-KOT-103,2004-04-13,internal,Welcome@123
Priya Bhattacharya,priya.bhattacharya@mail.com,BEL-KOT-104,2003-09-05,external,Welcome@123
Raghav Kumar,raghav.kumar@mail.com,BEL-KOT-105,2002-03-18,internal,Welcome@123
Rashmi Shastri,rashmi.shastri@mail.com,BEL-KOT-106,2003-08-15,external,Welcome@123
Nisha Sengupta,nisha.sengupta@mail.com,BEL-KOT-107,2002-02-08,internal,Welcome@123
Zara Agarwal,zara.agarwal@mail.com,BEL-KOT-108,2005-07-05,external,Welcome@123
Arnav Naidu,arnav.naidu@mail.com,BEL-KOT-109,1998-10-25,internal,Welcome@123
Sohan Dey,sohan.dey@mail.com,BEL-KOT-110,2002-10-18,external,Welcome@123
