name,email,roll_number,dob,category,password
Aarav Agarwal,aarav.agarwal1@mail.com,BEL-KOT-0001,1997-01-04,internal,Welcome@123
Advait Bhandari,advait.bhandari2@mail.com,BEL-KOT-0002,1998-02-07,external,Welcome@123
Aditi Chaudhary,aditi.chaudhary3@mail.com,BEL-KOT-0003,1999-03-10,internal,Welcome@123
Aisha Desai,aisha.desai4@mail.com,BEL-KOT-0004,2000-04-13,external,Welcome@123
Akash Garg,akash.garg5@mail.com,BEL-KOT-0005,2001-05-16,internal,Welcome@123
Akshay Gupta,akshay.gupta6@mail.com,BEL-KOT-0006,2002-06-19,external,Welcome@123
Alok Iyer,alok.iyer7@mail.com,BEL-KOT-0007,2003-07-22,internal,Welcome@123
Amar Jain,amar.jain8@mail.com,BEL-KOT-0008,2004-08-25,external,Welcome@123
Amit Khandelwal,amit.khandelwal9@mail.com,BEL-KOT-0009,1997-09-28,internal,Welcome@123
Amrita Kulkarni,amrita.kulkarni10@mail.com,BEL-KOT-0010,1998-10-03,external,Welcome@123
Ananya Mehta,ananya.mehta11@mail.com,BEL-KOT-0011,1999-11-06,internal,Welcome@123
Aniket Mishra,aniket.mishra12@mail.com,BEL-KOT-0012,2000-12-09,external,Welcome@123
Anjali Mukherjee,anjali.mukherjee13@mail.com,BEL-KOT-0013,2001-01-12,internal,Welcome@123
Anjali Nair,anjali.nair14@mail.com,BEL-KOT-0014,2002-02-15,external,Welcome@123
Ankit Nandan,ankit.nandan15@mail.com,BEL-KOT-0015,2003-03-18,internal,Welcome@123
Anushka Nath,anushka.nath16@mail.com,BEL-KOT-0016,2004-04-21,external,Welcome@123
Arjun Patel,arjun.patel17@mail.com,BEL-KOT-0017,1997-05-24,internal,Welcome@123
Arnav Prasad,arnav.prasad18@mail.com,BEL-KOT-0018,1998-06-27,external,Welcome@123
Arpita Reddy,arpita.reddy19@mail.com,BEL-KOT-0019,1999-07-02,internal,Welcome@123
Aryan Saxena,aryan.saxena20@mail.com,BEL-KOT-0020,2000-08-05,external,Welcome@123
Bhavya Shah,bhavya.shah21@mail.com,BEL-KOT-0021,2001-09-08,internal,Welcome@123
Dev Sharma,dev.sharma22@mail.com,BEL-KOT-0022,2002-10-11,external,Welcome@123
Diya Singh,diya.singh23@mail.com,BEL-KOT-0023,2003-11-14,internal,Welcome@123
Gaurav Sinha,gaurav.sinha24@mail.com,BEL-KOT-0024,2004-12-17,external,Welcome@123
Isha Srivastava,isha.srivastava25@mail.com,BEL-KOT-0025,1997-01-20,internal,Welcome@123
Ishita Sundar,ishita.sundar26@mail.com,BEL-KOT-0026,1998-02-23,external,Welcome@123
Jai Varma,jai.varma27@mail.com,BEL-KOT-0027,1999-03-26,internal,Welcome@123
Karan Verma,karan.verma28@mail.com,BEL-KOT-0028,2000-04-01,external,Welcome@123
Kavya Yadav,kavya.yadav29@mail.com,BEL-KOT-0029,2001-05-04,internal,Welcome@123
Krishna Rao,krishna.rao30@mail.com,BEL-KOT-0030,2002-06-07,external,Welcome@123
Lakshya Joshi,lakshya.joshi31@mail.com,BEL-KOT-0031,2003-07-10,internal,Welcome@123
Manish Pandey,manish.pandey32@mail.com,BEL-KOT-0032,2004-08-13,external,Welcome@123
Meera Singhal,meera.singhal33@mail.com,BEL-KOT-0033,1997-09-16,internal,Welcome@123
Mihir Shroff,mihir.shroff34@mail.com,BEL-KOT-0034,1998-10-19,external,Welcome@123
Minal Kapoor,minal.kapoor35@mail.com,BEL-KOT-0035,1999-11-22,internal,Welcome@123
Mitali Chopra,mitali.chopra36@mail.com,BEL-KOT-0036,2000-12-25,external,Welcome@123
Mohan Chadha,mohan.chadha37@mail.com,BEL-KOT-0037,2001-01-28,internal,Welcome@123
Nadia Malhotra,nadia.malhotra38@mail.com,BEL-KOT-0038,2002-02-03,external,Welcome@123
Nikhil Shetty,nikhil.shetty39@mail.com,BEL-KOT-0039,2003-03-06,internal,Welcome@123
Nisha Nambiar,nisha.nambiar40@mail.com,BEL-KOT-0040,2004-04-09,external,Welcome@123
Pallavi Banerjee,pallavi.banerjee41@mail.com,BEL-KOT-0041,1997-05-12,internal,Welcome@123
Parth Chatterjee,parth.chatterjee42@mail.com,BEL-KOT-0042,1998-06-15,external,Welcome@123
Prachi Ghosh,prachi.ghosh43@mail.com,BEL-KOT-0043,1999-07-18,internal,Welcome@123
Pranav Das,pranav.das44@mail.com,BEL-KOT-0044,2000-08-21,external,Welcome@123
Priya Roy,priya.roy45@mail.com,BEL-KOT-0045,2001-09-24,internal,Welcome@123
Rahul Sen,rahul.sen46@mail.com,BEL-KOT-0046,2002-10-27,external,Welcome@123
Rajat Bose,rajat.bose47@mail.com,BEL-KOT-0047,2003-11-02,internal,Welcome@123
Riya Mitra,riya.mitra48@mail.com,BEL-KOT-0048,2004-12-05,external,Welcome@123
Rohit Dutta,rohit.dutta49@mail.com,BEL-KOT-0049,1997-01-08,internal,Welcome@123
Sahil Gautam,sahil.gautam50@mail.com,BEL-KOT-0050,1998-02-11,external,Welcome@123
Sameer Kumar,sameer.kumar51@mail.com,BEL-KOT-0051,1999-03-14,internal,Welcome@123
Sanjay Dasgupta,sanjay.dasgupta52@mail.com,BEL-KOT-0052,2000-04-17,external,Welcome@123
Sanya Prakash,sanya.prakash53@mail.com,BEL-KOT-0053,2001-05-20,internal,Welcome@123
Saurav Shukla,saurav.shukla54@mail.com,BEL-KOT-0054,2002-06-23,external,Welcome@123
Shreya Tripathi,shreya.tripathi55@mail.com,BEL-KOT-0055,2003-07-26,internal,Welcome@123
Siddharth Tiwari,siddharth.tiwari56@mail.com,BEL-KOT-0056,2004-08-01,external,Welcome@123
Sonal Yadav,sonal.yadav57@mail.com,BEL-KOT-0057,1997-09-04,internal,Welcome@123
Soumya Khan,soumya.khan58@mail.com,BEL-KOT-0058,1998-10-07,external,Welcome@123
Subhash Shaikh,subhash.shaikh59@mail.com,BEL-KOT-0059,1999-11-10,internal,Welcome@123
Suraj Mirza,suraj.mirza60@mail.com,BEL-KOT-0060,2000-12-13,external,Welcome@123
Tanvi Ansari,tanvi.ansari61@mail.com,BEL-KOT-0061,2001-01-16,internal,Welcome@123
Tanya Qureshi,tanya.qureshi62@mail.com,BEL-KOT-0062,2002-02-19,external,Welcome@123
Tarun Chowdhury,tarun.chowdhury63@mail.com,BEL-KOT-0063,2003-03-22,internal,Welcome@123
Uday Hussain,uday.hussain64@mail.com,BEL-KOT-0064,2004-04-25,external,Welcome@123
Ujjwal Ali,ujjwal.ali65@mail.com,BEL-KOT-0065,1997-05-28,internal,Welcome@123
Uma Syed,uma.syed66@mail.com,BEL-KOT-0066,1998-06-03,external,Welcome@123
Vaibhav Begum,vaibhav.begum67@mail.com,BEL-KOT-0067,1999-07-06,internal,Welcome@123
Varun Saxena,varun.saxena68@mail.com,BEL-KOT-0068,2000-08-09,external,Welcome@123
Vasudha Chandra,vasudha.chandra69@mail.com,BEL-KOT-0069,2001-09-12,internal,Welcome@123
Vijay Bhattacharya,vijay.bhattacharya70@mail.com,BEL-KOT-0070,2002-10-15,external,Welcome@123
Vikram Nayak,vikram.nayak71@mail.com,BEL-KOT-0071,2003-11-18,internal,Welcome@123
Vimal Sahu,vimal.sahu72@mail.com,BEL-KOT-0072,2004-12-21,external,Welcome@123
Yash Behera,yash.behera73@mail.com,BEL-KOT-0073,1997-01-24,internal,Welcome@123
Yogesh Patra,yogesh.patra74@mail.com,BEL-KOT-0074,1998-02-27,external,Welcome@123
Zara Mahajan,zara.mahajan75@mail.com,BEL-KOT-0075,1999-03-02,internal,Welcome@123
Zoya Gowda,zoya.gowda76@mail.com,BEL-KOT-0076,2000-04-05,external,Welcome@123
Aarohi Nayyar,aarohi.nayyar77@mail.com,BEL-KOT-0077,2001-05-08,internal,Welcome@123
Bonita Arora,bonita.arora78@mail.com,BEL-KOT-0078,2002-06-11,external,Welcome@123
Charu Chopra,charu.chopra79@mail.com,BEL-KOT-0079,2003-07-14,internal,Welcome@123
Deepa Basu,deepa.basu80@mail.com,BEL-KOT-0080,2004-08-17,external,Welcome@123
Esha Malik,esha.malik81@mail.com,BEL-KOT-0081,1997-09-20,internal,Welcome@123
Farhan Gill,farhan.gill82@mail.com,BEL-KOT-0082,1998-10-23,external,Welcome@123
Gita Sandhu,gita.sandhu83@mail.com,BEL-KOT-0083,1999-11-26,internal,Welcome@123
Hina Brar,hina.brar84@mail.com,BEL-KOT-0084,2000-12-01,external,Welcome@123
Indira Bhatti,indira.bhatti85@mail.com,BEL-KOT-0085,2001-01-04,internal,Welcome@123
Javed Dhillon,javed.dhillon86@mail.com,BEL-KOT-0086,2002-02-07,external,Welcome@123
Kajal Kaur,kajal.kaur87@mail.com,BEL-KOT-0087,2003-03-10,internal,Welcome@123
Lata Sekhon,lata.sekhon88@mail.com,BEL-KOT-0088,2004-04-13,external,Welcome@123
Mira Mann,mira.mann89@mail.com,BEL-KOT-0089,1997-05-16,internal,Welcome@123
Naina Singh,naina.singh90@mail.com,BEL-KOT-0090,1998-06-19,external,Welcome@123
Omkar Agarwal,omkar.agarwal91@mail.com,BEL-KOT-0091,1999-07-22,internal,Welcome@123
Pooja Bhandari,pooja.bhandari92@mail.com,BEL-KOT-0092,2000-08-25,external,Welcome@123
Rachna Chaudhary,rachna.chaudhary93@mail.com,BEL-KOT-0093,2001-09-28,internal,Welcome@123
Sagar Desai,sagar.desai94@mail.com,BEL-KOT-0094,2002-10-03,external,Welcome@123
Tara Garg,tara.garg95@mail.com,BEL-KOT-0095,2003-11-06,internal,Welcome@123
Uma Gupta,uma.gupta96@mail.com,BEL-KOT-0096,2004-12-09,external,Welcome@123
Vani Iyer,vani.iyer97@mail.com,BEL-KOT-0097,1997-01-12,internal,Welcome@123
Wahid Jain,wahid.jain98@mail.com,BEL-KOT-0098,1998-02-15,external,Welcome@123
Yamini Khandelwal,yamini.khandelwal99@mail.com,BEL-KOT-0099,1999-03-18,internal,Welcome@123
Zain Kulkarni,zain.kulkarni100@mail.com,BEL-KOT-0100,2000-04-21,external,Welcome@123
Aarav Mehta,aarav.mehta101@mail.com,BEL-KOT-0101,2001-05-24,internal,Welcome@123
Advait Mishra,advait.mishra102@mail.com,BEL-KOT-0102,2002-06-27,external,Welcome@123
Aditi Mukherjee,aditi.mukherjee103@mail.com,BEL-KOT-0103,2003-07-02,internal,Welcome@123
Aisha Nair,aisha.nair104@mail.com,BEL-KOT-0104,2004-08-05,external,Welcome@123
Akash Nandan,akash.nandan105@mail.com,BEL-KOT-0105,1997-09-08,internal,Welcome@123
Akshay Nath,akshay.nath106@mail.com,BEL-KOT-0106,1998-10-11,external,Welcome@123
Alok Patel,alok.patel107@mail.com,BEL-KOT-0107,1999-11-14,internal,Welcome@123
Amar Prasad,amar.prasad108@mail.com,BEL-KOT-0108,2000-12-17,external,Welcome@123
Amit Reddy,amit.reddy109@mail.com,BEL-KOT-0109,2001-01-20,internal,Welcome@123
Amrita Saxena,amrita.saxena110@mail.com,BEL-KOT-0110,2002-02-23,external,Welcome@123
Ananya Shah,ananya.shah111@mail.com,BEL-KOT-0111,2003-03-26,internal,Welcome@123
Aniket Sharma,aniket.sharma112@mail.com,BEL-KOT-0112,2004-04-01,external,Welcome@123
Anjali Singh,anjali.singh113@mail.com,BEL-KOT-0113,1997-05-04,internal,Welcome@123
Anjali Sinha,anjali.sinha114@mail.com,BEL-KOT-0114,1998-06-07,external,Welcome@123
Ankit Srivastava,ankit.srivastava115@mail.com,BEL-KOT-0115,1999-07-10,internal,Welcome@123
Anushka Sundar,anushka.sundar116@mail.com,BEL-KOT-0116,2000-08-13,external,Welcome@123
Arjun Varma,arjun.varma117@mail.com,BEL-KOT-0117,2001-09-16,internal,Welcome@123
Arnav Verma,arnav.verma118@mail.com,BEL-KOT-0118,2002-10-19,external,Welcome@123
Arpita Yadav,arpita.yadav119@mail.com,BEL-KOT-0119,2003-11-22,internal,Welcome@123
Aryan Rao,aryan.rao120@mail.com,BEL-KOT-0120,2004-12-25,external,Welcome@123
Bhavya Joshi,bhavya.joshi121@mail.com,BEL-KOT-0121,1997-01-28,internal,Welcome@123
Dev Pandey,dev.pandey122@mail.com,BEL-KOT-0122,1998-02-03,external,Welcome@123
Diya Singhal,diya.singhal123@mail.com,BEL-KOT-0123,1999-03-06,internal,Welcome@123
Gaurav Shroff,gaurav.shroff124@mail.com,BEL-KOT-0124,2000-04-09,external,Welcome@123
Isha Kapoor,isha.kapoor125@mail.com,BEL-KOT-0125,2001-05-12,internal,Welcome@123
Ishita Chopra,ishita.chopra126@mail.com,BEL-KOT-0126,2002-06-15,external,Welcome@123
Jai Chadha,jai.chadha127@mail.com,BEL-KOT-0127,2003-07-18,internal,Welcome@123
Karan Malhotra,karan.malhotra128@mail.com,BEL-KOT-0128,2004-08-21,external,Welcome@123
Kavya Shetty,kavya.shetty129@mail.com,BEL-KOT-0129,1997-09-24,internal,Welcome@123
Krishna Nambiar,krishna.nambiar130@mail.com,BEL-KOT-0130,1998-10-27,external,Welcome@123
Lakshya Banerjee,lakshya.banerjee131@mail.com,BEL-KOT-0131,1999-11-02,internal,Welcome@123
Manish Chatterjee,manish.chatterjee132@mail.com,BEL-KOT-0132,2000-12-05,external,Welcome@123
Meera Ghosh,meera.ghosh133@mail.com,BEL-KOT-0133,2001-01-08,internal,Welcome@123
Mihir Das,mihir.das134@mail.com,BEL-KOT-0134,2002-02-11,external,Welcome@123
Minal Roy,minal.roy135@mail.com,BEL-KOT-0135,2003-03-14,internal,Welcome@123
Mitali Sen,mitali.sen136@mail.com,BEL-KOT-0136,2004-04-17,external,Welcome@123
Mohan Bose,mohan.bose137@mail.com,BEL-KOT-0137,1997-05-20,internal,Welcome@123
Nadia Mitra,nadia.mitra138@mail.com,BEL-KOT-0138,1998-06-23,external,Welcome@123
Nikhil Dutta,nikhil.dutta139@mail.com,BEL-KOT-0139,1999-07-26,internal,Welcome@123
Nisha Gautam,nisha.gautam140@mail.com,BEL-KOT-0140,2000-08-01,external,Welcome@123
Pallavi Kumar,pallavi.kumar141@mail.com,BEL-KOT-0141,2001-09-04,internal,Welcome@123
Parth Dasgupta,parth.dasgupta142@mail.com,BEL-KOT-0142,2002-10-07,external,Welcome@123
Prachi Prakash,prachi.prakash143@mail.com,BEL-KOT-0143,2003-11-10,internal,Welcome@123
Pranav Shukla,pranav.shukla144@mail.com,BEL-KOT-0144,2004-12-13,external,Welcome@123
Priya Tripathi,priya.tripathi145@mail.com,BEL-KOT-0145,1997-01-16,internal,Welcome@123
Rahul Tiwari,rahul.tiwari146@mail.com,BEL-KOT-0146,1998-02-19,external,Welcome@123
Rajat Yadav,rajat.yadav147@mail.com,BEL-KOT-0147,1999-03-22,internal,Welcome@123
Riya Khan,riya.khan148@mail.com,BEL-KOT-0148,2000-04-25,external,Welcome@123
Rohit Shaikh,rohit.shaikh149@mail.com,BEL-KOT-0149,2001-05-28,internal,Welcome@123
Sahil Mirza,sahil.mirza150@mail.com,BEL-KOT-0150,2002-06-03,external,Welcome@123
Sameer Ansari,sameer.ansari151@mail.com,BEL-KOT-0151,2003-07-06,internal,Welcome@123
Sanjay Qureshi,sanjay.qureshi152@mail.com,BEL-KOT-0152,2004-08-09,external,Welcome@123
Sanya Chowdhury,sanya.chowdhury153@mail.com,BEL-KOT-0153,1997-09-12,internal,Welcome@123
Saurav Hussain,saurav.hussain154@mail.com,BEL-KOT-0154,1998-10-15,external,Welcome@123
Shreya Ali,shreya.ali155@mail.com,BEL-KOT-0155,1999-11-18,internal,Welcome@123
Siddharth Syed,siddharth.syed156@mail.com,BEL-KOT-0156,2000-12-21,external,Welcome@123
Sonal Begum,sonal.begum157@mail.com,BEL-KOT-0157,2001-01-24,internal,Welcome@123
Soumya Saxena,soumya.saxena158@mail.com,BEL-KOT-0158,2002-02-27,external,Welcome@123
Subhash Chandra,subhash.chandra159@mail.com,BEL-KOT-0159,2003-03-02,internal,Welcome@123
Suraj Bhattacharya,suraj.bhattacharya160@mail.com,BEL-KOT-0160,2004-04-05,external,Welcome@123
Tanvi Nayak,tanvi.nayak161@mail.com,BEL-KOT-0161,1997-05-08,internal,Welcome@123
Tanya Sahu,tanya.sahu162@mail.com,BEL-KOT-0162,1998-06-11,external,Welcome@123
Tarun Behera,tarun.behera163@mail.com,BEL-KOT-0163,1999-07-14,internal,Welcome@123
Uday Patra,uday.patra164@mail.com,BEL-KOT-0164,2000-08-17,external,Welcome@123
Ujjwal Mahajan,ujjwal.mahajan165@mail.com,BEL-KOT-0165,2001-09-20,internal,Welcome@123
Uma Gowda,uma.gowda166@mail.com,BEL-KOT-0166,2002-10-23,external,Welcome@123
Vaibhav Nayyar,vaibhav.nayyar167@mail.com,BEL-KOT-0167,2003-11-26,internal,Welcome@123
Varun Arora,varun.arora168@mail.com,BEL-KOT-0168,2004-12-01,external,Welcome@123
Vasudha Chopra,vasudha.chopra169@mail.com,BEL-KOT-0169,1997-01-04,internal,Welcome@123
Vijay Basu,vijay.basu170@mail.com,BEL-KOT-0170,1998-02-07,external,Welcome@123
Vikram Malik,vikram.malik171@mail.com,BEL-KOT-0171,1999-03-10,internal,Welcome@123
Vimal Gill,vimal.gill172@mail.com,BEL-KOT-0172,2000-04-13,external,Welcome@123
Yash Sandhu,yash.sandhu173@mail.com,BEL-KOT-0173,2001-05-16,internal,Welcome@123
Yogesh Brar,yogesh.brar174@mail.com,BEL-KOT-0174,2002-06-19,external,Welcome@123
Zara Bhatti,zara.bhatti175@mail.com,BEL-KOT-0175,2003-07-22,internal,Welcome@123
Zoya Dhillon,zoya.dhillon176@mail.com,BEL-KOT-0176,2004-08-25,external,Welcome@123
Aarohi Kaur,aarohi.kaur177@mail.com,BEL-KOT-0177,1997-09-28,internal,Welcome@123
Bonita Sekhon,bonita.sekhon178@mail.com,BEL-KOT-0178,1998-10-03,external,Welcome@123
Charu Mann,charu.mann179@mail.com,BEL-KOT-0179,1999-11-06,internal,Welcome@123
Deepa Singh,deepa.singh180@mail.com,BEL-KOT-0180,2000-12-09,external,Welcome@123
Esha Agarwal,esha.agarwal181@mail.com,BEL-KOT-0181,2001-01-12,internal,Welcome@123
Farhan Bhandari,farhan.bhandari182@mail.com,BEL-KOT-0182,2002-02-15,external,Welcome@123
Gita Chaudhary,gita.chaudhary183@mail.com,BEL-KOT-0183,2003-03-18,internal,Welcome@123
Hina Desai,hina.desai184@mail.com,BEL-KOT-0184,2004-04-21,external,Welcome@123
Indira Garg,indira.garg185@mail.com,BEL-KOT-0185,1997-05-24,internal,Welcome@123
Javed Gupta,javed.gupta186@mail.com,BEL-KOT-0186,1998-06-27,external,Welcome@123
Kajal Iyer,kajal.iyer187@mail.com,BEL-KOT-0187,1999-07-02,internal,Welcome@123
Lata Jain,lata.jain188@mail.com,BEL-KOT-0188,2000-08-05,external,Welcome@123
Mira Khandelwal,mira.khandelwal189@mail.com,BEL-KOT-0189,2001-09-08,internal,Welcome@123
Naina Kulkarni,naina.kulkarni190@mail.com,BEL-KOT-0190,2002-10-11,external,Welcome@123
Omkar Mehta,omkar.mehta191@mail.com,BEL-KOT-0191,2003-11-14,internal,Welcome@123
Pooja Mishra,pooja.mishra192@mail.com,BEL-KOT-0192,2004-12-17,external,Welcome@123
Rachna Mukherjee,rachna.mukherjee193@mail.com,BEL-KOT-0193,1997-01-20,internal,Welcome@123
Sagar Nair,sagar.nair194@mail.com,BEL-KOT-0194,1998-02-23,external,Welcome@123
Tara Nandan,tara.nandan195@mail.com,BEL-KOT-0195,1999-03-26,internal,Welcome@123
Uma Nath,uma.nath196@mail.com,BEL-KOT-0196,2000-04-01,external,Welcome@123
Vani Patel,vani.patel197@mail.com,BEL-KOT-0197,2001-05-04,internal,Welcome@123
Wahid Prasad,wahid.prasad198@mail.com,BEL-KOT-0198,2002-06-07,external,Welcome@123
Yamini Reddy,yamini.reddy199@mail.com,BEL-KOT-0199,2003-07-10,internal,Welcome@123
Zain Saxena,zain.saxena200@mail.com,BEL-KOT-0200,2004-08-13,external,Welcome@123
Aarav Shah,aarav.shah201@mail.com,BEL-KOT-0201,1997-09-16,internal,Welcome@123
Advait Sharma,advait.sharma202@mail.com,BEL-KOT-0202,1998-10-19,external,Welcome@123
Aditi Singh,aditi.singh203@mail.com,BEL-KOT-0203,1999-11-22,internal,Welcome@123
Aisha Sinha,aisha.sinha204@mail.com,BEL-KOT-0204,2000-12-25,external,Welcome@123
Akash Srivastava,akash.srivastava205@mail.com,BEL-KOT-0205,2001-01-28,internal,Welcome@123
Akshay Sundar,akshay.sundar206@mail.com,BEL-KOT-0206,2002-02-03,external,Welcome@123
Alok Varma,alok.varma207@mail.com,BEL-KOT-0207,2003-03-06,internal,Welcome@123
Amar Verma,amar.verma208@mail.com,BEL-KOT-0208,2004-04-09,external,Welcome@123
Amit Yadav,amit.yadav209@mail.com,BEL-KOT-0209,1997-05-12,internal,Welcome@123
Amrita Rao,amrita.rao210@mail.com,BEL-KOT-0210,1998-06-15,external,Welcome@123
Ananya Joshi,ananya.joshi211@mail.com,BEL-KOT-0211,1999-07-18,internal,Welcome@123
Aniket Pandey,aniket.pandey212@mail.com,BEL-KOT-0212,2000-08-21,external,Welcome@123
Anjali Singhal,anjali.singhal213@mail.com,BEL-KOT-0213,2001-09-24,internal,Welcome@123
Anjali Shroff,anjali.shroff214@mail.com,BEL-KOT-0214,2002-10-27,external,Welcome@123
Ankit Kapoor,ankit.kapoor215@mail.com,BEL-KOT-0215,2003-11-02,internal,Welcome@123
Anushka Chopra,anushka.chopra216@mail.com,BEL-KOT-0216,2004-12-05,external,Welcome@123
Arjun Chadha,arjun.chadha217@mail.com,BEL-KOT-0217,1997-01-08,internal,Welcome@123
Arnav Malhotra,arnav.malhotra218@mail.com,BEL-KOT-0218,1998-02-11,external,Welcome@123
Arpita Shetty,arpita.shetty219@mail.com,BEL-KOT-0219,1999-03-14,internal,Welcome@123
Aryan Nambiar,aryan.nambiar220@mail.com,BEL-KOT-0220,2000-04-17,external,Welcome@123
Bhavya Banerjee,bhavya.banerjee221@mail.com,BEL-KOT-0221,2001-05-20,internal,Welcome@123
Dev Chatterjee,dev.chatterjee222@mail.com,BEL-KOT-0222,2002-06-23,external,Welcome@123
Diya Ghosh,diya.ghosh223@mail.com,BEL-KOT-0223,2003-07-26,internal,Welcome@123
Gaurav Das,gaurav.das224@mail.com,BEL-KOT-0224,2004-08-01,external,Welcome@123
Isha Roy,isha.roy225@mail.com,BEL-KOT-0225,1997-09-04,internal,Welcome@123
Ishita Sen,ishita.sen226@mail.com,BEL-KOT-0226,1998-10-07,external,Welcome@123
Jai Bose,jai.bose227@mail.com,BEL-KOT-0227,1999-11-10,internal,Welcome@123
Karan Mitra,karan.mitra228@mail.com,BEL-KOT-0228,2000-12-13,external,Welcome@123
Kavya Dutta,kavya.dutta229@mail.com,BEL-KOT-0229,2001-01-16,internal,Welcome@123
Krishna Gautam,krishna.gautam230@mail.com,BEL-KOT-0230,2002-02-19,external,Welcome@123
Lakshya Kumar,lakshya.kumar231@mail.com,BEL-KOT-0231,2003-03-22,internal,Welcome@123
Manish Dasgupta,manish.dasgupta232@mail.com,BEL-KOT-0232,2004-04-25,external,Welcome@123
Meera Prakash,meera.prakash233@mail.com,BEL-KOT-0233,1997-05-28,internal,Welcome@123
Mihir Shukla,mihir.shukla234@mail.com,BEL-KOT-0234,1998-06-03,external,Welcome@123
Minal Tripathi,minal.tripathi235@mail.com,BEL-KOT-0235,1999-07-06,internal,Welcome@123
Mitali Tiwari,mitali.tiwari236@mail.com,BEL-KOT-0236,2000-08-09,external,Welcome@123
Mohan Yadav,mohan.yadav237@mail.com,BEL-KOT-0237,2001-09-12,internal,Welcome@123
Nadia Khan,nadia.khan238@mail.com,BEL-KOT-0238,2002-10-15,external,Welcome@123
Nikhil Shaikh,nikhil.shaikh239@mail.com,BEL-KOT-0239,2003-11-18,internal,Welcome@123
Nisha Mirza,nisha.mirza240@mail.com,BEL-KOT-0240,2004-12-21,external,Welcome@123
Pallavi Ansari,pallavi.ansari241@mail.com,BEL-KOT-0241,1997-01-24,internal,Welcome@123
Parth Qureshi,parth.qureshi242@mail.com,BEL-KOT-0242,1998-02-27,external,Welcome@123
Prachi Chowdhury,prachi.chowdhury243@mail.com,BEL-KOT-0243,1999-03-02,internal,Welcome@123
Pranav Hussain,pranav.hussain244@mail.com,BEL-KOT-0244,2000-04-05,external,Welcome@123
Priya Ali,priya.ali245@mail.com,BEL-KOT-0245,2001-05-08,internal,Welcome@123
Rahul Syed,rahul.syed246@mail.com,BEL-KOT-0246,2002-06-11,external,Welcome@123
Rajat Begum,rajat.begum247@mail.com,BEL-KOT-0247,2003-07-14,internal,Welcome@123
Riya Saxena,riya.saxena248@mail.com,BEL-KOT-0248,2004-08-17,external,Welcome@123
Rohit Chandra,rohit.chandra249@mail.com,BEL-KOT-0249,1997-09-20,internal,Welcome@123
Sahil Bhattacharya,sahil.bhattacharya250@mail.com,BEL-KOT-0250,1998-10-23,external,Welcome@123
Sameer Nayak,sameer.nayak251@mail.com,BEL-KOT-0251,1999-11-26,internal,Welcome@123
Sanjay Sahu,sanjay.sahu252@mail.com,BEL-KOT-0252,2000-12-01,external,Welcome@123
Sanya Behera,sanya.behera253@mail.com,BEL-KOT-0253,2001-01-04,internal,Welcome@123
Saurav Patra,saurav.patra254@mail.com,BEL-KOT-0254,2002-02-07,external,Welcome@123
Shreya Mahajan,shreya.mahajan255@mail.com,BEL-KOT-0255,2003-03-10,internal,Welcome@123
Siddharth Gowda,siddharth.gowda256@mail.com,BEL-KOT-0256,2004-04-13,external,Welcome@123
Sonal Nayyar,sonal.nayyar257@mail.com,BEL-KOT-0257,1997-05-16,internal,Welcome@123
Soumya Arora,soumya.arora258@mail.com,BEL-KOT-0258,1998-06-19,external,Welcome@123
Subhash Chopra,subhash.chopra259@mail.com,BEL-KOT-0259,1999-07-22,internal,Welcome@123
Suraj Basu,suraj.basu260@mail.com,BEL-KOT-0260,2000-08-25,external,Welcome@123
Tanvi Malik,tanvi.malik261@mail.com,BEL-KOT-0261,2001-09-28,internal,Welcome@123
Tanya Gill,tanya.gill262@mail.com,BEL-KOT-0262,2002-10-03,external,Welcome@123
Tarun Sandhu,tarun.sandhu263@mail.com,BEL-KOT-0263,2003-11-06,internal,Welcome@123
Uday Brar,uday.brar264@mail.com,BEL-KOT-0264,2004-12-09,external,Welcome@123
Ujjwal Bhatti,ujjwal.bhatti265@mail.com,BEL-KOT-0265,1997-01-12,internal,Welcome@123
Uma Dhillon,uma.dhillon266@mail.com,BEL-KOT-0266,1998-02-15,external,Welcome@123
Vaibhav Kaur,vaibhav.kaur267@mail.com,BEL-KOT-0267,1999-03-18,internal,Welcome@123
Varun Sekhon,varun.sekhon268@mail.com,BEL-KOT-0268,2000-04-21,external,Welcome@123
Vasudha Mann,vasudha.mann269@mail.com,BEL-KOT-0269,2001-05-24,internal,Welcome@123
Vijay Singh,vijay.singh270@mail.com,BEL-KOT-0270,2002-06-27,external,Welcome@123
Vikram Agarwal,vikram.agarwal271@mail.com,BEL-KOT-0271,2003-07-02,internal,Welcome@123
Vimal Bhandari,vimal.bhandari272@mail.com,BEL-KOT-0272,2004-08-05,external,Welcome@123
Yash Chaudhary,yash.chaudhary273@mail.com,BEL-KOT-0273,1997-09-08,internal,Welcome@123
Yogesh Desai,yogesh.desai274@mail.com,BEL-KOT-0274,1998-10-11,external,Welcome@123
Zara Garg,zara.garg275@mail.com,BEL-KOT-0275,1999-11-14,internal,Welcome@123
Zoya Gupta,zoya.gupta276@mail.com,BEL-KOT-0276,2000-12-17,external,Welcome@123
Aarohi Iyer,aarohi.iyer277@mail.com,BEL-KOT-0277,2001-01-20,internal,Welcome@123
Bonita Jain,bonita.jain278@mail.com,BEL-KOT-0278,2002-02-23,external,Welcome@123
Charu Khandelwal,charu.khandelwal279@mail.com,BEL-KOT-0279,2003-03-26,internal,Welcome@123
Deepa Kulkarni,deepa.kulkarni280@mail.com,BEL-KOT-0280,2004-04-01,external,Welcome@123
Esha Mehta,esha.mehta281@mail.com,BEL-KOT-0281,1997-05-04,internal,Welcome@123
Farhan Mishra,farhan.mishra282@mail.com,BEL-KOT-0282,1998-06-07,external,Welcome@123
Gita Mukherjee,gita.mukherjee283@mail.com,BEL-KOT-0283,1999-07-10,internal,Welcome@123
Hina Nair,hina.nair284@mail.com,BEL-KOT-0284,2000-08-13,external,Welcome@123
Indira Nandan,indira.nandan285@mail.com,BEL-KOT-0285,2001-09-16,internal,Welcome@123
Javed Nath,javed.nath286@mail.com,BEL-KOT-0286,2002-10-19,external,Welcome@123
Kajal Patel,kajal.patel287@mail.com,BEL-KOT-0287,2003-11-22,internal,Welcome@123
Lata Prasad,lata.prasad288@mail.com,BEL-KOT-0288,2004-12-25,external,Welcome@123
Mira Reddy,mira.reddy289@mail.com,BEL-KOT-0289,1997-01-28,internal,Welcome@123
Naina Saxena,naina.saxena290@mail.com,BEL-KOT-0290,1998-02-03,external,Welcome@123
Omkar Shah,omkar.shah291@mail.com,BEL-KOT-0291,1999-03-06,internal,Welcome@123
Pooja Sharma,pooja.sharma292@mail.com,BEL-KOT-0292,2000-04-09,external,Welcome@123
Rachna Singh,rachna.singh293@mail.com,BEL-KOT-0293,2001-05-12,internal,Welcome@123
Sagar Sinha,sagar.sinha294@mail.com,BEL-KOT-0294,2002-06-15,external,Welcome@123
Tara Srivastava,tara.srivastava295@mail.com,BEL-KOT-0295,2003-07-18,internal,Welcome@123
Uma Sundar,uma.sundar296@mail.com,BEL-KOT-0296,2004-08-21,external,Welcome@123
Vani Varma,vani.varma297@mail.com,BEL-KOT-0297,1997-09-24,internal,Welcome@123
Wahid Verma,wahid.verma298@mail.com,BEL-KOT-0298,1998-10-27,external,Welcome@123
Yamini Yadav,yamini.yadav299@mail.com,BEL-KOT-0299,1999-11-02,internal,Welcome@123
Zain Rao,zain.rao300@mail.com,BEL-KOT-0300,2000-12-05,external,Welcome@123
Aarav Joshi,aarav.joshi301@mail.com,BEL-KOT-0301,2001-01-08,internal,Welcome@123
Advait Pandey,advait.pandey302@mail.com,BEL-KOT-0302,2002-02-11,external,Welcome@123
Aditi Singhal,aditi.singhal303@mail.com,BEL-KOT-0303,2003-03-14,internal,Welcome@123
Aisha Shroff,aisha.shroff304@mail.com,BEL-KOT-0304,2004-04-17,external,Welcome@123
Akash Kapoor,akash.kapoor305@mail.com,BEL-KOT-0305,1997-05-20,internal,Welcome@123
Akshay Chopra,akshay.chopra306@mail.com,BEL-KOT-0306,1998-06-23,external,Welcome@123
Alok Chadha,alok.chadha307@mail.com,BEL-KOT-0307,1999-07-26,internal,Welcome@123
Amar Malhotra,amar.malhotra308@mail.com,BEL-KOT-0308,2000-08-01,external,Welcome@123
Amit Shetty,amit.shetty309@mail.com,BEL-KOT-0309,2001-09-04,internal,Welcome@123
Amrita Nambiar,amrita.nambiar310@mail.com,BEL-KOT-0310,2002-10-07,external,Welcome@123
Ananya Banerjee,ananya.banerjee311@mail.com,BEL-KOT-0311,2003-11-10,internal,Welcome@123
Aniket Chatterjee,aniket.chatterjee312@mail.com,BEL-KOT-0312,2004-12-13,external,Welcome@123
Anjali Ghosh,anjali.ghosh313@mail.com,BEL-KOT-0313,1997-01-16,internal,Welcome@123
Anjali Das,anjali.das314@mail.com,BEL-KOT-0314,1998-02-19,external,Welcome@123
Ankit Roy,ankit.roy315@mail.com,BEL-KOT-0315,1999-03-22,internal,Welcome@123
Anushka Sen,anushka.sen316@mail.com,BEL-KOT-0316,2000-04-25,external,Welcome@123
Arjun Bose,arjun.bose317@mail.com,BEL-KOT-0317,2001-05-28,internal,Welcome@123
Arnav Mitra,arnav.mitra318@mail.com,BEL-KOT-0318,2002-06-03,external,Welcome@123
Arpita Dutta,arpita.dutta319@mail.com,BEL-KOT-0319,2003-07-06,internal,Welcome@123
Aryan Gautam,aryan.gautam320@mail.com,BEL-KOT-0320,2004-08-09,external,Welcome@123
Bhavya Kumar,bhavya.kumar321@mail.com,BEL-KOT-0321,1997-09-12,internal,Welcome@123
Dev Dasgupta,dev.dasgupta322@mail.com,BEL-KOT-0322,1998-10-15,external,Welcome@123
Diya Prakash,diya.prakash323@mail.com,BEL-KOT-0323,1999-11-18,internal,Welcome@123
Gaurav Shukla,gaurav.shukla324@mail.com,BEL-KOT-0324,2000-12-21,external,Welcome@123
Isha Tripathi,isha.tripathi325@mail.com,BEL-KOT-0325,2001-01-24,internal,Welcome@123
Ishita Tiwari,ishita.tiwari326@mail.com,BEL-KOT-0326,2002-02-27,external,Welcome@123
Jai Yadav,jai.yadav327@mail.com,BEL-KOT-0327,2003-03-02,internal,Welcome@123
Karan Khan,karan.khan328@mail.com,BEL-KOT-0328,2004-04-05,external,Welcome@123
Kavya Shaikh,kavya.shaikh329@mail.com,BEL-KOT-0329,1997-05-08,internal,Welcome@123
Krishna Mirza,krishna.mirza330@mail.com,BEL-KOT-0330,1998-06-11,external,Welcome@123
Lakshya Ansari,lakshya.ansari331@mail.com,BEL-KOT-0331,1999-07-14,internal,Welcome@123
Manish Qureshi,manish.qureshi332@mail.com,BEL-KOT-0332,2000-08-17,external,Welcome@123
Meera Chowdhury,meera.chowdhury333@mail.com,BEL-KOT-0333,2001-09-20,internal,Welcome@123
Mihir Hussain,mihir.hussain334@mail.com,BEL-KOT-0334,2002-10-23,external,Welcome@123
Minal Ali,minal.ali335@mail.com,BEL-KOT-0335,2003-11-26,internal,Welcome@123
Mitali Syed,mitali.syed336@mail.com,BEL-KOT-0336,2004-12-01,external,Welcome@123
Mohan Begum,mohan.begum337@mail.com,BEL-KOT-0337,1997-01-04,internal,Welcome@123
Nadia Saxena,nadia.saxena338@mail.com,BEL-KOT-0338,1998-02-07,external,Welcome@123
Nikhil Chandra,nikhil.chandra339@mail.com,BEL-KOT-0339,1999-03-10,internal,Welcome@123
Nisha Bhattacharya,nisha.bhattacharya340@mail.com,BEL-KOT-0340,2000-04-13,external,Welcome@123
Pallavi Nayak,pallavi.nayak341@mail.com,BEL-KOT-0341,2001-05-16,internal,Welcome@123
Parth Sahu,parth.sahu342@mail.com,BEL-KOT-0342,2002-06-19,external,Welcome@123
Prachi Behera,prachi.behera343@mail.com,BEL-KOT-0343,2003-07-22,internal,Welcome@123
Pranav Patra,pranav.patra344@mail.com,BEL-KOT-0344,2004-08-25,external,Welcome@123
Priya Mahajan,priya.mahajan345@mail.com,BEL-KOT-0345,1997-09-28,internal,Welcome@123
Rahul Gowda,rahul.gowda346@mail.com,BEL-KOT-0346,1998-10-03,external,Welcome@123
Rajat Nayyar,rajat.nayyar347@mail.com,BEL-KOT-0347,1999-11-06,internal,Welcome@123
Riya Arora,riya.arora348@mail.com,BEL-KOT-0348,2000-12-09,external,Welcome@123
Rohit Chopra,rohit.chopra349@mail.com,BEL-KOT-0349,2001-01-12,internal,Welcome@123
Sahil Basu,sahil.basu350@mail.com,BEL-KOT-0350,2002-02-15,external,Welcome@123
Sameer Malik,sameer.malik351@mail.com,BEL-KOT-0351,2003-03-18,internal,Welcome@123
Sanjay Gill,sanjay.gill352@mail.com,BEL-KOT-0352,2004-04-21,external,Welcome@123
Sanya Sandhu,sanya.sandhu353@mail.com,BEL-KOT-0353,1997-05-24,internal,Welcome@123
Saurav Brar,saurav.brar354@mail.com,BEL-KOT-0354,1998-06-27,external,Welcome@123
Shreya Bhatti,shreya.bhatti355@mail.com,BEL-KOT-0355,1999-07-02,internal,Welcome@123
Siddharth Dhillon,siddharth.dhillon356@mail.com,BEL-KOT-0356,2000-08-05,external,Welcome@123
Sonal Kaur,sonal.kaur357@mail.com,BEL-KOT-0357,2001-09-08,internal,Welcome@123
Soumya Sekhon,soumya.sekhon358@mail.com,BEL-KOT-0358,2002-10-11,external,Welcome@123
Subhash Mann,subhash.mann359@mail.com,BEL-KOT-0359,2003-11-14,internal,Welcome@123
Suraj Singh,suraj.singh360@mail.com,BEL-KOT-0360,2004-12-17,external,Welcome@123
Tanvi Agarwal,tanvi.agarwal361@mail.com,BEL-KOT-0361,1997-01-20,internal,Welcome@123
Tanya Bhandari,tanya.bhandari362@mail.com,BEL-KOT-0362,1998-02-23,external,Welcome@123
Tarun Chaudhary,tarun.chaudhary363@mail.com,BEL-KOT-0363,1999-03-26,internal,Welcome@123
Uday Desai,uday.desai364@mail.com,BEL-KOT-0364,2000-04-01,external,Welcome@123
Ujjwal Garg,ujjwal.garg365@mail.com,BEL-KOT-0365,2001-05-04,internal,Welcome@123
Uma Gupta,uma.gupta366@mail.com,BEL-KOT-0366,2002-06-07,external,Welcome@123
Vaibhav Iyer,vaibhav.iyer367@mail.com,BEL-KOT-0367,2003-07-10,internal,Welcome@123
Varun Jain,varun.jain368@mail.com,BEL-KOT-0368,2004-08-13,external,Welcome@123
Vasudha Khandelwal,vasudha.khandelwal369@mail.com,BEL-KOT-0369,1997-09-16,internal,Welcome@123
Vijay Kulkarni,vijay.kulkarni370@mail.com,BEL-KOT-0370,1998-10-19,external,Welcome@123
Vikram Mehta,vikram.mehta371@mail.com,BEL-KOT-0371,1999-11-22,internal,Welcome@123
Vimal Mishra,vimal.mishra372@mail.com,BEL-KOT-0372,2000-12-25,external,Welcome@123
Yash Mukherjee,yash.mukherjee373@mail.com,BEL-KOT-0373,2001-01-28,internal,Welcome@123
Yogesh Nair,yogesh.nair374@mail.com,BEL-KOT-0374,2002-02-03,external,Welcome@123
Zara Nandan,zara.nandan375@mail.com,BEL-KOT-0375,2003-03-06,internal,Welcome@123
Zoya Nath,zoya.nath376@mail.com,BEL-KOT-0376,2004-04-09,external,Welcome@123
Aarohi Patel,aarohi.patel377@mail.com,BEL-KOT-0377,1997-05-12,internal,Welcome@123
Bonita Prasad,bonita.prasad378@mail.com,BEL-KOT-0378,1998-06-15,external,Welcome@123
Charu Reddy,charu.reddy379@mail.com,BEL-KOT-0379,1999-07-18,internal,Welcome@123
Deepa Saxena,deepa.saxena380@mail.com,BEL-KOT-0380,2000-08-21,external,Welcome@123
Esha Shah,esha.shah381@mail.com,BEL-KOT-0381,2001-09-24,internal,Welcome@123
Farhan Sharma,farhan.sharma382@mail.com,BEL-KOT-0382,2002-10-27,external,Welcome@123
Gita Singh,gita.singh383@mail.com,BEL-KOT-0383,2003-11-02,internal,Welcome@123
Hina Sinha,hina.sinha384@mail.com,BEL-KOT-0384,2004-12-05,external,Welcome@123
Indira Srivastava,indira.srivastava385@mail.com,BEL-KOT-0385,1997-01-08,internal,Welcome@123
Javed Sundar,javed.sundar386@mail.com,BEL-KOT-0386,1998-02-11,external,Welcome@123
Kajal Varma,kajal.varma387@mail.com,BEL-KOT-0387,1999-03-14,internal,Welcome@123
Lata Verma,lata.verma388@mail.com,BEL-KOT-0388,2000-04-17,external,Welcome@123
Mira Yadav,mira.yadav389@mail.com,BEL-KOT-0389,2001-05-20,internal,Welcome@123
Naina Rao,naina.rao390@mail.com,BEL-KOT-0390,2002-06-23,external,Welcome@123
Omkar Joshi,omkar.joshi391@mail.com,BEL-KOT-0391,2003-07-26,internal,Welcome@123
Pooja Pandey,pooja.pandey392@mail.com,BEL-KOT-0392,2004-08-01,external,Welcome@123
Rachna Singhal,rachna.singhal393@mail.com,BEL-KOT-0393,1997-09-04,internal,Welcome@123
Sagar Shroff,sagar.shroff394@mail.com,BEL-KOT-0394,1998-10-07,external,Welcome@123
Tara Kapoor,tara.kapoor395@mail.com,BEL-KOT-0395,1999-11-10,internal,Welcome@123
Uma Chopra,uma.chopra396@mail.com,BEL-KOT-0396,2000-12-13,external,Welcome@123
Vani Chadha,vani.chadha397@mail.com,BEL-KOT-0397,2001-01-16,internal,Welcome@123
Wahid Malhotra,wahid.malhotra398@mail.com,BEL-KOT-0398,2002-02-19,external,Welcome@123
Yamini Shetty,yamini.shetty399@mail.com,BEL-KOT-0399,2003-03-22,internal,Welcome@123
Zain Nambiar,zain.nambiar400@mail.com,BEL-KOT-0400,2004-04-25,external,Welcome@123
Aarav Banerjee,aarav.banerjee401@mail.com,BEL-KOT-0401,1997-05-28,internal,Welcome@123
Advait Chatterjee,advait.chatterjee402@mail.com,BEL-KOT-0402,1998-06-03,external,Welcome@123
Aditi Ghosh,aditi.ghosh403@mail.com,BEL-KOT-0403,1999-07-06,internal,Welcome@123
Aisha Das,aisha.das404@mail.com,BEL-KOT-0404,2000-08-09,external,Welcome@123
Akash Roy,akash.roy405@mail.com,BEL-KOT-0405,2001-09-12,internal,Welcome@123
Akshay Sen,akshay.sen406@mail.com,BEL-KOT-0406,2002-10-15,external,Welcome@123
Alok Bose,alok.bose407@mail.com,BEL-KOT-0407,2003-11-18,internal,Welcome@123
Amar Mitra,amar.mitra408@mail.com,BEL-KOT-0408,2004-12-21,external,Welcome@123
Amit Dutta,amit.dutta409@mail.com,BEL-KOT-0409,1997-01-24,internal,Welcome@123
Amrita Gautam,amrita.gautam410@mail.com,BEL-KOT-0410,1998-02-27,external,Welcome@123
Ananya Kumar,ananya.kumar411@mail.com,BEL-KOT-0411,1999-03-02,internal,Welcome@123
Aniket Dasgupta,aniket.dasgupta412@mail.com,BEL-KOT-0412,2000-04-05,external,Welcome@123
Anjali Prakash,anjali.prakash413@mail.com,BEL-KOT-0413,2001-05-08,internal,Welcome@123
Anjali Shukla,anjali.shukla414@mail.com,BEL-KOT-0414,2002-06-11,external,Welcome@123
Ankit Tripathi,ankit.tripathi415@mail.com,BEL-KOT-0415,2003-07-14,internal,Welcome@123
Anushka Tiwari,anushka.tiwari416@mail.com,BEL-KOT-0416,2004-08-17,external,Welcome@123
Arjun Yadav,arjun.yadav417@mail.com,BEL-KOT-0417,1997-09-20,internal,Welcome@123
Arnav Khan,arnav.khan418@mail.com,BEL-KOT-0418,1998-10-23,external,Welcome@123
Arpita Shaikh,arpita.shaikh419@mail.com,BEL-KOT-0419,1999-11-26,internal,Welcome@123
Aryan Mirza,aryan.mirza420@mail.com,BEL-KOT-0420,2000-12-01,external,Welcome@123
Bhavya Ansari,bhavya.ansari421@mail.com,BEL-KOT-0421,2001-01-04,internal,Welcome@123
Dev Qureshi,dev.qureshi422@mail.com,BEL-KOT-0422,2002-02-07,external,Welcome@123
Diya Chowdhury,diya.chowdhury423@mail.com,BEL-KOT-0423,2003-03-10,internal,Welcome@123
Gaurav Hussain,gaurav.hussain424@mail.com,BEL-KOT-0424,2004-04-13,external,Welcome@123
Isha Ali,isha.ali425@mail.com,BEL-KOT-0425,1997-05-16,internal,Welcome@123
Ishita Syed,ishita.syed426@mail.com,BEL-KOT-0426,1998-06-19,external,Welcome@123
Jai Begum,jai.begum427@mail.com,BEL-KOT-0427,1999-07-22,internal,Welcome@123
Karan Saxena,karan.saxena428@mail.com,BEL-KOT-0428,2000-08-25,external,Welcome@123
Kavya Chandra,kavya.chandra429@mail.com,BEL-KOT-0429,2001-09-28,internal,Welcome@123
Krishna Bhattacharya,krishna.bhattacharya430@mail.com,BEL-KOT-0430,2002-10-03,external,Welcome@123
Lakshya Nayak,lakshya.nayak431@mail.com,BEL-KOT-0431,2003-11-06,internal,Welcome@123
Manish Sahu,manish.sahu432@mail.com,BEL-KOT-0432,2004-12-09,external,Welcome@123
Meera Behera,meera.behera433@mail.com,BEL-KOT-0433,1997-01-12,internal,Welcome@123
Mihir Patra,mihir.patra434@mail.com,BEL-KOT-0434,1998-02-15,external,Welcome@123
Minal Mahajan,minal.mahajan435@mail.com,BEL-KOT-0435,1999-03-18,internal,Welcome@123
Mitali Gowda,mitali.gowda436@mail.com,BEL-KOT-0436,2000-04-21,external,Welcome@123
Mohan Nayyar,mohan.nayyar437@mail.com,BEL-KOT-0437,2001-05-24,internal,Welcome@123
Nadia Arora,nadia.arora438@mail.com,BEL-KOT-0438,2002-06-27,external,Welcome@123
Nikhil Chopra,nikhil.chopra439@mail.com,BEL-KOT-0439,2003-07-02,internal,Welcome@123
Nisha Basu,nisha.basu440@mail.com,BEL-KOT-0440,2004-08-05,external,Welcome@123
Pallavi Malik,pallavi.malik441@mail.com,BEL-KOT-0441,1997-09-08,internal,Welcome@123
Parth Gill,parth.gill442@mail.com,BEL-KOT-0442,1998-10-11,external,Welcome@123
Prachi Sandhu,prachi.sandhu443@mail.com,BEL-KOT-0443,1999-11-14,internal,Welcome@123
Pranav Brar,pranav.brar444@mail.com,BEL-KOT-0444,2000-12-17,external,Welcome@123
Priya Bhatti,priya.bhatti445@mail.com,BEL-KOT-0445,2001-01-20,internal,Welcome@123
Rahul Dhillon,rahul.dhillon446@mail.com,BEL-KOT-0446,2002-02-23,external,Welcome@123
Rajat Kaur,rajat.kaur447@mail.com,BEL-KOT-0447,2003-03-26,internal,Welcome@123
Riya Sekhon,riya.sekhon448@mail.com,BEL-KOT-0448,2004-04-01,external,Welcome@123
Rohit Mann,rohit.mann449@mail.com,BEL-KOT-0449,1997-05-04,internal,Welcome@123
Sahil Singh,sahil.singh450@mail.com,BEL-KOT-0450,1998-06-07,external,Welcome@123
Sameer Agarwal,sameer.agarwal451@mail.com,BEL-KOT-0451,1999-07-10,internal,Welcome@123
Sanjay Bhandari,sanjay.bhandari452@mail.com,BEL-KOT-0452,2000-08-13,external,Welcome@123
Sanya Chaudhary,sanya.chaudhary453@mail.com,BEL-KOT-0453,2001-09-16,internal,Welcome@123
Saurav Desai,saurav.desai454@mail.com,BEL-KOT-0454,2002-10-19,external,Welcome@123
Shreya Garg,shreya.garg455@mail.com,BEL-KOT-0455,2003-11-22,internal,Welcome@123
Siddharth Gupta,siddharth.gupta456@mail.com,BEL-KOT-0456,2004-12-25,external,Welcome@123
Sonal Iyer,sonal.iyer457@mail.com,BEL-KOT-0457,1997-01-28,internal,Welcome@123
Soumya Jain,soumya.jain458@mail.com,BEL-KOT-0458,1998-02-03,external,Welcome@123
Subhash Khandelwal,subhash.khandelwal459@mail.com,BEL-KOT-0459,1999-03-06,internal,Welcome@123
Suraj Kulkarni,suraj.kulkarni460@mail.com,BEL-KOT-0460,2000-04-09,external,Welcome@123
Tanvi Mehta,tanvi.mehta461@mail.com,BEL-KOT-0461,2001-05-12,internal,Welcome@123
Tanya Mishra,tanya.mishra462@mail.com,BEL-KOT-0462,2002-06-15,external,Welcome@123
Tarun Mukherjee,tarun.mukherjee463@mail.com,BEL-KOT-0463,2003-07-18,internal,Welcome@123
Uday Nair,uday.nair464@mail.com,BEL-KOT-0464,2004-08-21,external,Welcome@123
Ujjwal Nandan,ujjwal.nandan465@mail.com,BEL-KOT-0465,1997-09-24,internal,Welcome@123
Uma Nath,uma.nath466@mail.com,BEL-KOT-0466,1998-10-27,external,Welcome@123
Vaibhav Patel,vaibhav.patel467@mail.com,BEL-KOT-0467,1999-11-02,internal,Welcome@123
Varun Prasad,varun.prasad468@mail.com,BEL-KOT-0468,2000-12-05,external,Welcome@123
Vasudha Reddy,vasudha.reddy469@mail.com,BEL-KOT-0469,2001-01-08,internal,Welcome@123
Vijay Saxena,vijay.saxena470@mail.com,BEL-KOT-0470,2002-02-11,external,Welcome@123
Vikram Shah,vikram.shah471@mail.com,BEL-KOT-0471,2003-03-14,internal,Welcome@123
Vimal Sharma,vimal.sharma472@mail.com,BEL-KOT-0472,2004-04-17,external,Welcome@123
Yash Singh,yash.singh473@mail.com,BEL-KOT-0473,1997-05-20,internal,Welcome@123
Yogesh Sinha,yogesh.sinha474@mail.com,BEL-KOT-0474,1998-06-23,external,Welcome@123
Zara Srivastava,zara.srivastava475@mail.com,BEL-KOT-0475,1999-07-26,internal,Welcome@123
Zoya Sundar,zoya.sundar476@mail.com,BEL-KOT-0476,2000-08-01,external,Welcome@123
Aarohi Varma,aarohi.varma477@mail.com,BEL-KOT-0477,2001-09-04,internal,Welcome@123
Bonita Verma,bonita.verma478@mail.com,BEL-KOT-0478,2002-10-07,external,Welcome@123
Charu Yadav,charu.yadav479@mail.com,BEL-KOT-0479,2003-11-10,internal,Welcome@123
Deepa Rao,deepa.rao480@mail.com,BEL-KOT-0480,2004-12-13,external,Welcome@123
Esha Joshi,esha.joshi481@mail.com,BEL-KOT-0481,1997-01-16,internal,Welcome@123
Farhan Pandey,farhan.pandey482@mail.com,BEL-KOT-0482,1998-02-19,external,Welcome@123
Gita Singhal,gita.singhal483@mail.com,BEL-KOT-0483,1999-03-22,internal,Welcome@123
Hina Shroff,hina.shroff484@mail.com,BEL-KOT-0484,2000-04-25,external,Welcome@123
Indira Kapoor,indira.kapoor485@mail.com,BEL-KOT-0485,2001-05-28,internal,Welcome@123
Javed Chopra,javed.chopra486@mail.com,BEL-KOT-0486,2002-06-03,external,Welcome@123
Kajal Chadha,kajal.chadha487@mail.com,BEL-KOT-0487,2003-07-06,internal,Welcome@123
Lata Malhotra,lata.malhotra488@mail.com,BEL-KOT-0488,2004-08-09,external,Welcome@123
Mira Shetty,mira.shetty489@mail.com,BEL-KOT-0489,1997-09-12,internal,Welcome@123
Naina Nambiar,naina.nambiar490@mail.com,BEL-KOT-0490,1998-10-15,external,Welcome@123
Omkar Banerjee,omkar.banerjee491@mail.com,BEL-KOT-0491,1999-11-18,internal,Welcome@123
Pooja Chatterjee,pooja.chatterjee492@mail.com,BEL-KOT-0492,2000-12-21,external,Welcome@123
Rachna Ghosh,rachna.ghosh493@mail.com,BEL-KOT-0493,2001-01-24,internal,Welcome@123
Sagar Das,sagar.das494@mail.com,BEL-KOT-0494,2002-02-27,external,Welcome@123
Tara Roy,tara.roy495@mail.com,BEL-KOT-0495,2003-03-02,internal,Welcome@123
Uma Sen,uma.sen496@mail.com,BEL-KOT-0496,2004-04-05,external,Welcome@123
Vani Bose,vani.bose497@mail.com,BEL-KOT-0497,1997-05-08,internal,Welcome@123
Wahid Mitra,wahid.mitra498@mail.com,BEL-KOT-0498,1998-06-11,external,Welcome@123
Yamini Dutta,yamini.dutta499@mail.com,BEL-KOT-0499,1999-07-14,internal,Welcome@123
Zain Gautam,zain.gautam500@mail.com,BEL-KOT-0500,2000-08-17,external,Welcome@123
Aarav Kumar,aarav.kumar501@mail.com,BEL-KOT-0501,2001-09-20,internal,Welcome@123
Advait Dasgupta,advait.dasgupta502@mail.com,BEL-KOT-0502,2002-10-23,external,Welcome@123
Aditi Prakash,aditi.prakash503@mail.com,BEL-KOT-0503,2003-11-26,internal,Welcome@123
Aisha Shukla,aisha.shukla504@mail.com,BEL-KOT-0504,2004-12-01,external,Welcome@123
Akash Tripathi,akash.tripathi505@mail.com,BEL-KOT-0505,1997-01-04,internal,Welcome@123
Akshay Tiwari,akshay.tiwari506@mail.com,BEL-KOT-0506,1998-02-07,external,Welcome@123
Alok Yadav,alok.yadav507@mail.com,BEL-KOT-0507,1999-03-10,internal,Welcome@123
Amar Khan,amar.khan508@mail.com,BEL-KOT-0508,2000-04-13,external,Welcome@123
Amit Shaikh,amit.shaikh509@mail.com,BEL-KOT-0509,2001-05-16,internal,Welcome@123
Amrita Mirza,amrita.mirza510@mail.com,BEL-KOT-0510,2002-06-19,external,Welcome@123
Ananya Ansari,ananya.ansari511@mail.com,BEL-KOT-0511,2003-07-22,internal,Welcome@123
Aniket Qureshi,aniket.qureshi512@mail.com,BEL-KOT-0512,2004-08-25,external,Welcome@123
Anjali Chowdhury,anjali.chowdhury513@mail.com,BEL-KOT-0513,1997-09-28,internal,Welcome@123
Anjali Hussain,anjali.hussain514@mail.com,BEL-KOT-0514,1998-10-03,external,Welcome@123
Ankit Ali,ankit.ali515@mail.com,BEL-KOT-0515,1999-11-06,internal,Welcome@123
Anushka Syed,anushka.syed516@mail.com,BEL-KOT-0516,2000-12-09,external,Welcome@123
Arjun Begum,arjun.begum517@mail.com,BEL-KOT-0517,2001-01-12,internal,Welcome@123
Arnav Saxena,arnav.saxena518@mail.com,BEL-KOT-0518,2002-02-15,external,Welcome@123
Arpita Chandra,arpita.chandra519@mail.com,BEL-KOT-0519,2003-03-18,internal,Welcome@123
Aryan Bhattacharya,aryan.bhattacharya520@mail.com,BEL-KOT-0520,2004-04-21,external,Welcome@123
Bhavya Nayak,bhavya.nayak521@mail.com,BEL-KOT-0521,1997-05-24,internal,Welcome@123
Dev Sahu,dev.sahu522@mail.com,BEL-KOT-0522,1998-06-27,external,Welcome@123
Diya Behera,diya.behera523@mail.com,BEL-KOT-0523,1999-07-02,internal,Welcome@123
Gaurav Patra,gaurav.patra524@mail.com,BEL-KOT-0524,2000-08-05,external,Welcome@123
Isha Mahajan,isha.mahajan525@mail.com,BEL-KOT-0525,2001-09-08,internal,Welcome@123
Ishita Gowda,ishita.gowda526@mail.com,BEL-KOT-0526,2002-10-11,external,Welcome@123
Jai Nayyar,jai.nayyar527@mail.com,BEL-KOT-0527,2003-11-14,internal,Welcome@123
Karan Arora,karan.arora528@mail.com,BEL-KOT-0528,2004-12-17,external,Welcome@123
Kavya Chopra,kavya.chopra529@mail.com,BEL-KOT-0529,1997-01-20,internal,Welcome@123
Krishna Basu,krishna.basu530@mail.com,BEL-KOT-0530,1998-02-23,external,Welcome@123
Lakshya Malik,lakshya.malik531@mail.com,BEL-KOT-0531,1999-03-26,internal,Welcome@123
Manish Gill,manish.gill532@mail.com,BEL-KOT-0532,2000-04-01,external,Welcome@123
Meera Sandhu,meera.sandhu533@mail.com,BEL-KOT-0533,2001-05-04,internal,Welcome@123
Mihir Brar,mihir.brar534@mail.com,BEL-KOT-0534,2002-06-07,external,Welcome@123
Minal Bhatti,minal.bhatti535@mail.com,BEL-KOT-0535,2003-07-10,internal,Welcome@123
Mitali Dhillon,mitali.dhillon536@mail.com,BEL-KOT-0536,2004-08-13,external,Welcome@123
Mohan Kaur,mohan.kaur537@mail.com,BEL-KOT-0537,1997-09-16,internal,Welcome@123
Nadia Sekhon,nadia.sekhon538@mail.com,BEL-KOT-0538,1998-10-19,external,Welcome@123
Nikhil Mann,nikhil.mann539@mail.com,BEL-KOT-0539,1999-11-22,internal,Welcome@123
Nisha Singh,nisha.singh540@mail.com,BEL-KOT-0540,2000-12-25,external,Welcome@123
Pallavi Agarwal,pallavi.agarwal541@mail.com,BEL-KOT-0541,2001-01-28,internal,Welcome@123
Parth Bhandari,parth.bhandari542@mail.com,BEL-KOT-0542,2002-02-03,external,Welcome@123
Prachi Chaudhary,prachi.chaudhary543@mail.com,BEL-KOT-0543,2003-03-06,internal,Welcome@123
Pranav Desai,pranav.desai544@mail.com,BEL-KOT-0544,2004-04-09,external,Welcome@123
Priya Garg,priya.garg545@mail.com,BEL-KOT-0545,1997-05-12,internal,Welcome@123
Rahul Gupta,rahul.gupta546@mail.com,BEL-KOT-0546,1998-06-15,external,Welcome@123
Rajat Iyer,rajat.iyer547@mail.com,BEL-KOT-0547,1999-07-18,internal,Welcome@123
Riya Jain,riya.jain548@mail.com,BEL-KOT-0548,2000-08-21,external,Welcome@123
Rohit Khandelwal,rohit.khandelwal549@mail.com,BEL-KOT-0549,2001-09-24,internal,Welcome@123
Sahil Kulkarni,sahil.kulkarni550@mail.com,BEL-KOT-0550,2002-10-27,external,Welcome@123
Sameer Mehta,sameer.mehta551@mail.com,BEL-KOT-0551,2003-11-02,internal,Welcome@123
Sanjay Mishra,sanjay.mishra552@mail.com,BEL-KOT-0552,2004-12-05,external,Welcome@123
Sanya Mukherjee,sanya.mukherjee553@mail.com,BEL-KOT-0553,1997-01-08,internal,Welcome@123
Saurav Nair,saurav.nair554@mail.com,BEL-KOT-0554,1998-02-11,external,Welcome@123
Shreya Nandan,shreya.nandan555@mail.com,BEL-KOT-0555,1999-03-14,internal,Welcome@123
Siddharth Nath,siddharth.nath556@mail.com,BEL-KOT-0556,2000-04-17,external,Welcome@123
Sonal Patel,sonal.patel557@mail.com,BEL-KOT-0557,2001-05-20,internal,Welcome@123
Soumya Prasad,soumya.prasad558@mail.com,BEL-KOT-0558,2002-06-23,external,Welcome@123
Subhash Reddy,subhash.reddy559@mail.com,BEL-KOT-0559,2003-07-26,internal,Welcome@123
Suraj Saxena,suraj.saxena560@mail.com,BEL-KOT-0560,2004-08-01,external,Welcome@123
Tanvi Shah,tanvi.shah561@mail.com,BEL-KOT-0561,1997-09-04,internal,Welcome@123
Tanya Sharma,tanya.sharma562@mail.com,BEL-KOT-0562,1998-10-07,external,Welcome@123
Tarun Singh,tarun.singh563@mail.com,BEL-KOT-0563,1999-11-10,internal,Welcome@123
Uday Sinha,uday.sinha564@mail.com,BEL-KOT-0564,2000-12-13,external,Welcome@123
Ujjwal Srivastava,ujjwal.srivastava565@mail.com,BEL-KOT-0565,2001-01-16,internal,Welcome@123
Uma Sundar,uma.sundar566@mail.com,BEL-KOT-0566,2002-02-19,external,Welcome@123
Vaibhav Varma,vaibhav.varma567@mail.com,BEL-KOT-0567,2003-03-22,internal,Welcome@123
Varun Verma,varun.verma568@mail.com,BEL-KOT-0568,2004-04-25,external,Welcome@123
Vasudha Yadav,vasudha.yadav569@mail.com,BEL-KOT-0569,1997-05-28,internal,Welcome@123
Vijay Rao,vijay.rao570@mail.com,BEL-KOT-0570,1998-06-03,external,Welcome@123
Vikram Joshi,vikram.joshi571@mail.com,BEL-KOT-0571,1999-07-06,internal,Welcome@123
Vimal Pandey,vimal.pandey572@mail.com,BEL-KOT-0572,2000-08-09,external,Welcome@123
Yash Singhal,yash.singhal573@mail.com,BEL-KOT-0573,2001-09-12,internal,Welcome@123
Yogesh Shroff,yogesh.shroff574@mail.com,BEL-KOT-0574,2002-10-15,external,Welcome@123
Zara Kapoor,zara.kapoor575@mail.com,BEL-KOT-0575,2003-11-18,internal,Welcome@123
Zoya Chopra,zoya.chopra576@mail.com,BEL-KOT-0576,2004-12-21,external,Welcome@123
Aarohi Chadha,aarohi.chadha577@mail.com,BEL-KOT-0577,1997-01-24,internal,Welcome@123
Bonita Malhotra,bonita.malhotra578@mail.com,BEL-KOT-0578,1998-02-27,external,Welcome@123
Charu Shetty,charu.shetty579@mail.com,BEL-KOT-0579,1999-03-02,internal,Welcome@123
Deepa Nambiar,deepa.nambiar580@mail.com,BEL-KOT-0580,2000-04-05,external,Welcome@123
Esha Banerjee,esha.banerjee581@mail.com,BEL-KOT-0581,2001-05-08,internal,Welcome@123
Farhan Chatterjee,farhan.chatterjee582@mail.com,BEL-KOT-0582,2002-06-11,external,Welcome@123
Gita Ghosh,gita.ghosh583@mail.com,BEL-KOT-0583,2003-07-14,internal,Welcome@123
Hina Das,hina.das584@mail.com,BEL-KOT-0584,2004-08-17,external,Welcome@123
Indira Roy,indira.roy585@mail.com,BEL-KOT-0585,1997-09-20,internal,Welcome@123
Javed Sen,javed.sen586@mail.com,BEL-KOT-0586,1998-10-23,external,Welcome@123
Kajal Bose,kajal.bose587@mail.com,BEL-KOT-0587,1999-11-26,internal,Welcome@123
Lata Mitra,lata.mitra588@mail.com,BEL-KOT-0588,2000-12-01,external,Welcome@123
Mira Dutta,mira.dutta589@mail.com,BEL-KOT-0589,2001-01-04,internal,Welcome@123
Naina Gautam,naina.gautam590@mail.com,BEL-KOT-0590,2002-02-07,external,Welcome@123
Omkar Kumar,omkar.kumar591@mail.com,BEL-KOT-0591,2003-03-10,internal,Welcome@123
Pooja Dasgupta,pooja.dasgupta592@mail.com,BEL-KOT-0592,2004-04-13,external,Welcome@123
Rachna Prakash,rachna.prakash593@mail.com,BEL-KOT-0593,1997-05-16,internal,Welcome@123
Sagar Shukla,sagar.shukla594@mail.com,BEL-KOT-0594,1998-06-19,external,Welcome@123
Tara Tripathi,tara.tripathi595@mail.com,BEL-KOT-0595,1999-07-22,internal,Welcome@123
Uma Tiwari,uma.tiwari596@mail.com,BEL-KOT-0596,2000-08-25,external,Welcome@123
Vani Yadav,vani.yadav597@mail.com,BEL-KOT-0597,2001-09-28,internal,Welcome@123
Wahid Khan,wahid.khan598@mail.com,BEL-KOT-0598,2002-10-03,external,Welcome@123
Yamini Shaikh,yamini.shaikh599@mail.com,BEL-KOT-0599,2003-11-06,internal,Welcome@123
Zain Mirza,zain.mirza600@mail.com,BEL-KOT-0600,2004-12-09,external,Welcome@123
Aarav Ansari,aarav.ansari601@mail.com,BEL-KOT-0601,1997-01-12,internal,Welcome@123
Advait Qureshi,advait.qureshi602@mail.com,BEL-KOT-0602,1998-02-15,external,Welcome@123
Aditi Chowdhury,aditi.chowdhury603@mail.com,BEL-KOT-0603,1999-03-18,internal,Welcome@123
Aisha Hussain,aisha.hussain604@mail.com,BEL-KOT-0604,2000-04-21,external,Welcome@123
Akash Ali,akash.ali605@mail.com,BEL-KOT-0605,2001-05-24,internal,Welcome@123
Akshay Syed,akshay.syed606@mail.com,BEL-KOT-0606,2002-06-27,external,Welcome@123
Alok Begum,alok.begum607@mail.com,BEL-KOT-0607,2003-07-02,internal,Welcome@123
Amar Saxena,amar.saxena608@mail.com,BEL-KOT-0608,2004-08-05,external,Welcome@123
Amit Chandra,amit.chandra609@mail.com,BEL-KOT-0609,1997-09-08,internal,Welcome@123
Amrita Bhattacharya,amrita.bhattacharya610@mail.com,BEL-KOT-0610,1998-10-11,external,Welcome@123
Ananya Nayak,ananya.nayak611@mail.com,BEL-KOT-0611,1999-11-14,internal,Welcome@123
Aniket Sahu,aniket.sahu612@mail.com,BEL-KOT-0612,2000-12-17,external,Welcome@123
Anjali Behera,anjali.behera613@mail.com,BEL-KOT-0613,2001-01-20,internal,Welcome@123
Anjali Patra,anjali.patra614@mail.com,BEL-KOT-0614,2002-02-23,external,Welcome@123
Ankit Mahajan,ankit.mahajan615@mail.com,BEL-KOT-0615,2003-03-26,internal,Welcome@123
Anushka Gowda,anushka.gowda616@mail.com,BEL-KOT-0616,2004-04-01,external,Welcome@123
Arjun Nayyar,arjun.nayyar617@mail.com,BEL-KOT-0617,1997-05-04,internal,Welcome@123
Arnav Arora,arnav.arora618@mail.com,BEL-KOT-0618,1998-06-07,external,Welcome@123
Arpita Chopra,arpita.chopra619@mail.com,BEL-KOT-0619,1999-07-10,internal,Welcome@123
Aryan Basu,aryan.basu620@mail.com,BEL-KOT-0620,2000-08-13,external,Welcome@123
Bhavya Malik,bhavya.malik621@mail.com,BEL-KOT-0621,2001-09-16,internal,Welcome@123
Dev Gill,dev.gill622@mail.com,BEL-KOT-0622,2002-10-19,external,Welcome@123
Diya Sandhu,diya.sandhu623@mail.com,BEL-KOT-0623,2003-11-22,internal,Welcome@123
Gaurav Brar,gaurav.brar624@mail.com,BEL-KOT-0624,2004-12-25,external,Welcome@123
Isha Bhatti,isha.bhatti625@mail.com,BEL-KOT-0625,1997-01-28,internal,Welcome@123
Ishita Dhillon,ishita.dhillon626@mail.com,BEL-KOT-0626,1998-02-03,external,Welcome@123
Jai Kaur,jai.kaur627@mail.com,BEL-KOT-0627,1999-03-06,internal,Welcome@123
Karan Sekhon,karan.sekhon628@mail.com,BEL-KOT-0628,2000-04-09,external,Welcome@123
Kavya Mann,kavya.mann629@mail.com,BEL-KOT-0629,2001-05-12,internal,Welcome@123
Krishna Singh,krishna.singh630@mail.com,BEL-KOT-0630,2002-06-15,external,Welcome@123
Lakshya Agarwal,lakshya.agarwal631@mail.com,BEL-KOT-0631,2003-07-18,internal,Welcome@123
Manish Bhandari,manish.bhandari632@mail.com,BEL-KOT-0632,2004-08-21,external,Welcome@123
Meera Chaudhary,meera.chaudhary633@mail.com,BEL-KOT-0633,1997-09-24,internal,Welcome@123
Mihir Desai,mihir.desai634@mail.com,BEL-KOT-0634,1998-10-27,external,Welcome@123
Minal Garg,minal.garg635@mail.com,BEL-KOT-0635,1999-11-02,internal,Welcome@123
Mitali Gupta,mitali.gupta636@mail.com,BEL-KOT-0636,2000-12-05,external,Welcome@123
Mohan Iyer,mohan.iyer637@mail.com,BEL-KOT-0637,2001-01-08,internal,Welcome@123
Nadia Jain,nadia.jain638@mail.com,BEL-KOT-0638,2002-02-11,external,Welcome@123
Nikhil Khandelwal,nikhil.khandelwal639@mail.com,BEL-KOT-0639,2003-03-14,internal,Welcome@123
Nisha Kulkarni,nisha.kulkarni640@mail.com,BEL-KOT-0640,2004-04-17,external,Welcome@123
Pallavi Mehta,pallavi.mehta641@mail.com,BEL-KOT-0641,1997-05-20,internal,Welcome@123
Parth Mishra,parth.mishra642@mail.com,BEL-KOT-0642,1998-06-23,external,Welcome@123
Prachi Mukherjee,prachi.mukherjee643@mail.com,BEL-KOT-0643,1999-07-26,internal,Welcome@123
Pranav Nair,pranav.nair644@mail.com,BEL-KOT-0644,2000-08-01,external,Welcome@123
Priya Nandan,priya.nandan645@mail.com,BEL-KOT-0645,2001-09-04,internal,Welcome@123
Rahul Nath,rahul.nath646@mail.com,BEL-KOT-0646,2002-10-07,external,Welcome@123
Rajat Patel,rajat.patel647@mail.com,BEL-KOT-0647,2003-11-10,internal,Welcome@123
Riya Prasad,riya.prasad648@mail.com,BEL-KOT-0648,2004-12-13,external,Welcome@123
Rohit Reddy,rohit.reddy649@mail.com,BEL-KOT-0649,1997-01-16,internal,Welcome@123
Sahil Saxena,sahil.saxena650@mail.com,BEL-KOT-0650,1998-02-19,external,Welcome@123
Sameer Shah,sameer.shah651@mail.com,BEL-KOT-0651,1999-03-22,internal,Welcome@123
Sanjay Sharma,sanjay.sharma652@mail.com,BEL-KOT-0652,2000-04-25,external,Welcome@123
Sanya Singh,sanya.singh653@mail.com,BEL-KOT-0653,2001-05-28,internal,Welcome@123
Saurav Sinha,saurav.sinha654@mail.com,BEL-KOT-0654,2002-06-03,external,Welcome@123
Shreya Srivastava,shreya.srivastava655@mail.com,BEL-KOT-0655,2003-07-06,internal,Welcome@123
Siddharth Sundar,siddharth.sundar656@mail.com,BEL-KOT-0656,2004-08-09,external,Welcome@123
Sonal Varma,sonal.varma657@mail.com,BEL-KOT-0657,1997-09-12,internal,Welcome@123
Soumya Verma,soumya.verma658@mail.com,BEL-KOT-0658,1998-10-15,external,Welcome@123
Subhash Yadav,subhash.yadav659@mail.com,BEL-KOT-0659,1999-11-18,internal,Welcome@123
Suraj Rao,suraj.rao660@mail.com,BEL-KOT-0660,2000-12-21,external,Welcome@123
Tanvi Joshi,tanvi.joshi661@mail.com,BEL-KOT-0661,2001-01-24,internal,Welcome@123
Tanya Pandey,tanya.pandey662@mail.com,BEL-KOT-0662,2002-02-27,external,Welcome@123
Tarun Singhal,tarun.singhal663@mail.com,BEL-KOT-0663,2003-03-02,internal,Welcome@123
Uday Shroff,uday.shroff664@mail.com,BEL-KOT-0664,2004-04-05,external,Welcome@123
Ujjwal Kapoor,ujjwal.kapoor665@mail.com,BEL-KOT-0665,1997-05-08,internal,Welcome@123
Uma Chopra,uma.chopra666@mail.com,BEL-KOT-0666,1998-06-11,external,Welcome@123
Vaibhav Chadha,vaibhav.chadha667@mail.com,BEL-KOT-0667,1999-07-14,internal,Welcome@123
Varun Malhotra,varun.malhotra668@mail.com,BEL-KOT-0668,2000-08-17,external,Welcome@123
Vasudha Shetty,vasudha.shetty669@mail.com,BEL-KOT-0669,2001-09-20,internal,Welcome@123
Vijay Nambiar,vijay.nambiar670@mail.com,BEL-KOT-0670,2002-10-23,external,Welcome@123
Vikram Banerjee,vikram.banerjee671@mail.com,BEL-KOT-0671,2003-11-26,internal,Welcome@123
Vimal Chatterjee,vimal.chatterjee672@mail.com,BEL-KOT-0672,2004-12-01,external,Welcome@123
Yash Ghosh,yash.ghosh673@mail.com,BEL-KOT-0673,1997-01-04,internal,Welcome@123
Yogesh Das,yogesh.das674@mail.com,BEL-KOT-0674,1998-02-07,external,Welcome@123
Zara Roy,zara.roy675@mail.com,BEL-KOT-0675,1999-03-10,internal,Welcome@123
Zoya Sen,zoya.sen676@mail.com,BEL-KOT-0676,2000-04-13,external,Welcome@123
Aarohi Bose,aarohi.bose677@mail.com,BEL-KOT-0677,2001-05-16,internal,Welcome@123
Bonita Mitra,bonita.mitra678@mail.com,BEL-KOT-0678,2002-06-19,external,Welcome@123
Charu Dutta,charu.dutta679@mail.com,BEL-KOT-0679,2003-07-22,internal,Welcome@123
Deepa Gautam,deepa.gautam680@mail.com,BEL-KOT-0680,2004-08-25,external,Welcome@123
Esha Kumar,esha.kumar681@mail.com,BEL-KOT-0681,1997-09-28,internal,Welcome@123
Farhan Dasgupta,farhan.dasgupta682@mail.com,BEL-KOT-0682,1998-10-03,external,Welcome@123
Gita Prakash,gita.prakash683@mail.com,BEL-KOT-0683,1999-11-06,internal,Welcome@123
Hina Shukla,hina.shukla684@mail.com,BEL-KOT-0684,2000-12-09,external,Welcome@123
Indira Tripathi,indira.tripathi685@mail.com,BEL-KOT-0685,2001-01-12,internal,Welcome@123
Javed Tiwari,javed.tiwari686@mail.com,BEL-KOT-0686,2002-02-15,external,Welcome@123
Kajal Yadav,kajal.yadav687@mail.com,BEL-KOT-0687,2003-03-18,internal,Welcome@123
Lata Khan,lata.khan688@mail.com,BEL-KOT-0688,2004-04-21,external,Welcome@123
Mira Shaikh,mira.shaikh689@mail.com,BEL-KOT-0689,1997-05-24,internal,Welcome@123
Naina Mirza,naina.mirza690@mail.com,BEL-KOT-0690,1998-06-27,external,Welcome@123
Omkar Ansari,omkar.ansari691@mail.com,BEL-KOT-0691,1999-07-02,internal,Welcome@123
Pooja Qureshi,pooja.qureshi692@mail.com,BEL-KOT-0692,2000-08-05,external,Welcome@123
Rachna Chowdhury,rachna.chowdhury693@mail.com,BEL-KOT-0693,2001-09-08,internal,Welcome@123
Sagar Hussain,sagar.hussain694@mail.com,BEL-KOT-0694,2002-10-11,external,Welcome@123
Tara Ali,tara.ali695@mail.com,BEL-KOT-0695,2003-11-14,internal,Welcome@123
Uma Syed,uma.syed696@mail.com,BEL-KOT-0696,2004-12-17,external,Welcome@123
Vani Begum,vani.begum697@mail.com,BEL-KOT-0697,1997-01-20,internal,Welcome@123
Wahid Saxena,wahid.saxena698@mail.com,BEL-KOT-0698,1998-02-23,external,Welcome@123
Yamini Chandra,yamini.chandra699@mail.com,BEL-KOT-0699,1999-03-26,internal,Welcome@123
Zain Bhattacharya,zain.bhattacharya700@mail.com,BEL-KOT-0700,2000-04-01,external,Welcome@123
Aarav Nayak,aarav.nayak701@mail.com,BEL-KOT-0701,2001-05-04,internal,Welcome@123
Advait Sahu,advait.sahu702@mail.com,BEL-KOT-0702,2002-06-07,external,Welcome@123
Aditi Behera,aditi.behera703@mail.com,BEL-KOT-0703,2003-07-10,internal,Welcome@123
Aisha Patra,aisha.patra704@mail.com,BEL-KOT-0704,2004-08-13,external,Welcome@123
Akash Mahajan,akash.mahajan705@mail.com,BEL-KOT-0705,1997-09-16,internal,Welcome@123
Akshay Gowda,akshay.gowda706@mail.com,BEL-KOT-0706,1998-10-19,external,Welcome@123
Alok Nayyar,alok.nayyar707@mail.com,BEL-KOT-0707,1999-11-22,internal,Welcome@123
Amar Arora,amar.arora708@mail.com,BEL-KOT-0708,2000-12-25,external,Welcome@123
Amit Chopra,amit.chopra709@mail.com,BEL-KOT-0709,2001-01-28,internal,Welcome@123
Amrita Basu,amrita.basu710@mail.com,BEL-KOT-0710,2002-02-03,external,Welcome@123
Ananya Malik,ananya.malik711@mail.com,BEL-KOT-0711,2003-03-06,internal,Welcome@123
Aniket Gill,aniket.gill712@mail.com,BEL-KOT-0712,2004-04-09,external,Welcome@123
Anjali Sandhu,anjali.sandhu713@mail.com,BEL-KOT-0713,1997-05-12,internal,Welcome@123
Anjali Brar,anjali.brar714@mail.com,BEL-KOT-0714,1998-06-15,external,Welcome@123
Ankit Bhatti,ankit.bhatti715@mail.com,BEL-KOT-0715,1999-07-18,internal,Welcome@123
Anushka Dhillon,anushka.dhillon716@mail.com,BEL-KOT-0716,2000-08-21,external,Welcome@123
Arjun Kaur,arjun.kaur717@mail.com,BEL-KOT-0717,2001-09-24,internal,Welcome@123
Arnav Sekhon,arnav.sekhon718@mail.com,BEL-KOT-0718,2002-10-27,external,Welcome@123
Arpita Mann,arpita.mann719@mail.com,BEL-KOT-0719,2003-11-02,internal,Welcome@123
Aryan Singh,aryan.singh720@mail.com,BEL-KOT-0720,2004-12-05,external,Welcome@123
Bhavya Agarwal,bhavya.agarwal721@mail.com,BEL-KOT-0721,1997-01-08,internal,Welcome@123
Dev Bhandari,dev.bhandari722@mail.com,BEL-KOT-0722,1998-02-11,external,Welcome@123
Diya Chaudhary,diya.chaudhary723@mail.com,BEL-KOT-0723,1999-03-14,internal,Welcome@123
Gaurav Desai,gaurav.desai724@mail.com,BEL-KOT-0724,2000-04-17,external,Welcome@123
Isha Garg,isha.garg725@mail.com,BEL-KOT-0725,2001-05-20,internal,Welcome@123
Ishita Gupta,ishita.gupta726@mail.com,BEL-KOT-0726,2002-06-23,external,Welcome@123
Jai Iyer,jai.iyer727@mail.com,BEL-KOT-0727,2003-07-26,internal,Welcome@123
Karan Jain,karan.jain728@mail.com,BEL-KOT-0728,2004-08-01,external,Welcome@123
Kavya Khandelwal,kavya.khandelwal729@mail.com,BEL-KOT-0729,1997-09-04,internal,Welcome@123
Krishna Kulkarni,krishna.kulkarni730@mail.com,BEL-KOT-0730,1998-10-07,external,Welcome@123
Lakshya Mehta,lakshya.mehta731@mail.com,BEL-KOT-0731,1999-11-10,internal,Welcome@123
Manish Mishra,manish.mishra732@mail.com,BEL-KOT-0732,2000-12-13,external,Welcome@123
Meera Mukherjee,meera.mukherjee733@mail.com,BEL-KOT-0733,2001-01-16,internal,Welcome@123
Mihir Nair,mihir.nair734@mail.com,BEL-KOT-0734,2002-02-19,external,Welcome@123
Minal Nandan,minal.nandan735@mail.com,BEL-KOT-0735,2003-03-22,internal,Welcome@123
Mitali Nath,mitali.nath736@mail.com,BEL-KOT-0736,2004-04-25,external,Welcome@123
Mohan Patel,mohan.patel737@mail.com,BEL-KOT-0737,1997-05-28,internal,Welcome@123
Nadia Prasad,nadia.prasad738@mail.com,BEL-KOT-0738,1998-06-03,external,Welcome@123
Nikhil Reddy,nikhil.reddy739@mail.com,BEL-KOT-0739,1999-07-06,internal,Welcome@123
Nisha Saxena,nisha.saxena740@mail.com,BEL-KOT-0740,2000-08-09,external,Welcome@123
Pallavi Shah,pallavi.shah741@mail.com,BEL-KOT-0741,2001-09-12,internal,Welcome@123
Parth Sharma,parth.sharma742@mail.com,BEL-KOT-0742,2002-10-15,external,Welcome@123
Prachi Singh,prachi.singh743@mail.com,BEL-KOT-0743,2003-11-18,internal,Welcome@123
Pranav Sinha,pranav.sinha744@mail.com,BEL-KOT-0744,2004-12-21,external,Welcome@123
Priya Srivastava,priya.srivastava745@mail.com,BEL-KOT-0745,1997-01-24,internal,Welcome@123
Rahul Sundar,rahul.sundar746@mail.com,BEL-KOT-0746,1998-02-27,external,Welcome@123
Rajat Varma,rajat.varma747@mail.com,BEL-KOT-0747,1999-03-02,internal,Welcome@123
Riya Verma,riya.verma748@mail.com,BEL-KOT-0748,2000-04-05,external,Welcome@123
Rohit Yadav,rohit.yadav749@mail.com,BEL-KOT-0749,2001-05-08,internal,Welcome@123
Sahil Rao,sahil.rao750@mail.com,BEL-KOT-0750,2002-06-11,external,Welcome@123
Sameer Joshi,sameer.joshi751@mail.com,BEL-KOT-0751,2003-07-14,internal,Welcome@123
Sanjay Pandey,sanjay.pandey752@mail.com,BEL-KOT-0752,2004-08-17,external,Welcome@123
Sanya Singhal,sanya.singhal753@mail.com,BEL-KOT-0753,1997-09-20,internal,Welcome@123
Saurav Shroff,saurav.shroff754@mail.com,BEL-KOT-0754,1998-10-23,external,Welcome@123
Shreya Kapoor,shreya.kapoor755@mail.com,BEL-KOT-0755,1999-11-26,internal,Welcome@123
Siddharth Chopra,siddharth.chopra756@mail.com,BEL-KOT-0756,2000-12-01,external,Welcome@123
Sonal Chadha,sonal.chadha757@mail.com,BEL-KOT-0757,2001-01-04,internal,Welcome@123
Soumya Malhotra,soumya.malhotra758@mail.com,BEL-KOT-0758,2002-02-07,external,Welcome@123
Subhash Shetty,subhash.shetty759@mail.com,BEL-KOT-0759,2003-03-10,internal,Welcome@123
Suraj Nambiar,suraj.nambiar760@mail.com,BEL-KOT-0760,2004-04-13,external,Welcome@123
Tanvi Banerjee,tanvi.banerjee761@mail.com,BEL-KOT-0761,1997-05-16,internal,Welcome@123
Tanya Chatterjee,tanya.chatterjee762@mail.com,BEL-KOT-0762,1998-06-19,external,Welcome@123
Tarun Ghosh,tarun.ghosh763@mail.com,BEL-KOT-0763,1999-07-22,internal,Welcome@123
Uday Das,uday.das764@mail.com,BEL-KOT-0764,2000-08-25,external,Welcome@123
Ujjwal Roy,ujjwal.roy765@mail.com,BEL-KOT-0765,2001-09-28,internal,Welcome@123
Uma Sen,uma.sen766@mail.com,BEL-KOT-0766,2002-10-03,external,Welcome@123
Vaibhav Bose,vaibhav.bose767@mail.com,BEL-KOT-0767,2003-11-06,internal,Welcome@123
Varun Mitra,varun.mitra768@mail.com,BEL-KOT-0768,2004-12-09,external,Welcome@123
Vasudha Dutta,vasudha.dutta769@mail.com,BEL-KOT-0769,1997-01-12,internal,Welcome@123
Vijay Gautam,vijay.gautam770@mail.com,BEL-KOT-0770,1998-02-15,external,Welcome@123
Vikram Kumar,vikram.kumar771@mail.com,BEL-KOT-0771,1999-03-18,internal,Welcome@123
Vimal Dasgupta,vimal.dasgupta772@mail.com,BEL-KOT-0772,2000-04-21,external,Welcome@123
Yash Prakash,yash.prakash773@mail.com,BEL-KOT-0773,2001-05-24,internal,Welcome@123
Yogesh Shukla,yogesh.shukla774@mail.com,BEL-KOT-0774,2002-06-27,external,Welcome@123
Zara Tripathi,zara.tripathi775@mail.com,BEL-KOT-0775,2003-07-02,internal,Welcome@123
Zoya Tiwari,zoya.tiwari776@mail.com,BEL-KOT-0776,2004-08-05,external,Welcome@123
Aarohi Yadav,aarohi.yadav777@mail.com,BEL-KOT-0777,1997-09-08,internal,Welcome@123
Bonita Khan,bonita.khan778@mail.com,BEL-KOT-0778,1998-10-11,external,Welcome@123
Charu Shaikh,charu.shaikh779@mail.com,BEL-KOT-0779,1999-11-14,internal,Welcome@123
Deepa Mirza,deepa.mirza780@mail.com,BEL-KOT-0780,2000-12-17,external,Welcome@123
Esha Ansari,esha.ansari781@mail.com,BEL-KOT-0781,2001-01-20,internal,Welcome@123
Farhan Qureshi,farhan.qureshi782@mail.com,BEL-KOT-0782,2002-02-23,external,Welcome@123
Gita Chowdhury,gita.chowdhury783@mail.com,BEL-KOT-0783,2003-03-26,internal,Welcome@123
Hina Hussain,hina.hussain784@mail.com,BEL-KOT-0784,2004-04-01,external,Welcome@123
Indira Ali,indira.ali785@mail.com,BEL-KOT-0785,1997-05-04,internal,Welcome@123
Javed Syed,javed.syed786@mail.com,BEL-KOT-0786,1998-06-07,external,Welcome@123
Kajal Begum,kajal.begum787@mail.com,BEL-KOT-0787,1999-07-10,internal,Welcome@123
Lata Saxena,lata.saxena788@mail.com,BEL-KOT-0788,2000-08-13,external,Welcome@123
Mira Chandra,mira.chandra789@mail.com,BEL-KOT-0789,2001-09-16,internal,Welcome@123
Naina Bhattacharya,naina.bhattacharya790@mail.com,BEL-KOT-0790,2002-10-19,external,Welcome@123
Omkar Nayak,omkar.nayak791@mail.com,BEL-KOT-0791,2003-11-22,internal,Welcome@123
Pooja Sahu,pooja.sahu792@mail.com,BEL-KOT-0792,2004-12-25,external,Welcome@123
Rachna Behera,rachna.behera793@mail.com,BEL-KOT-0793,1997-01-28,internal,Welcome@123
Sagar Patra,sagar.patra794@mail.com,BEL-KOT-0794,1998-02-03,external,Welcome@123
Tara Mahajan,tara.mahajan795@mail.com,BEL-KOT-0795,1999-03-06,internal,Welcome@123
Uma Gowda,uma.gowda796@mail.com,BEL-KOT-0796,2000-04-09,external,Welcome@123
Vani Nayyar,vani.nayyar797@mail.com,BEL-KOT-0797,2001-05-12,internal,Welcome@123
Wahid Arora,wahid.arora798@mail.com,BEL-KOT-0798,2002-06-15,external,Welcome@123
Yamini Chopra,yamini.chopra799@mail.com,BEL-KOT-0799,2003-07-18,internal,Welcome@123
Zain Basu,zain.basu800@mail.com,BEL-KOT-0800,2004-08-21,external,Welcome@123
Aarav Malik,aarav.malik801@mail.com,BEL-KOT-0801,1997-09-24,internal,Welcome@123
Advait Gill,advait.gill802@mail.com,BEL-KOT-0802,1998-10-27,external,Welcome@123
Aditi Sandhu,aditi.sandhu803@mail.com,BEL-KOT-0803,1999-11-02,internal,Welcome@123
Aisha Brar,aisha.brar804@mail.com,BEL-KOT-0804,2000-12-05,external,Welcome@123
Akash Bhatti,akash.bhatti805@mail.com,BEL-KOT-0805,2001-01-08,internal,Welcome@123
Akshay Dhillon,akshay.dhillon806@mail.com,BEL-KOT-0806,2002-02-11,external,Welcome@123
Alok Kaur,alok.kaur807@mail.com,BEL-KOT-0807,2003-03-14,internal,Welcome@123
Amar Sekhon,amar.sekhon808@mail.com,BEL-KOT-0808,2004-04-17,external,Welcome@123
Amit Mann,amit.mann809@mail.com,BEL-KOT-0809,1997-05-20,internal,Welcome@123
Amrita Singh,amrita.singh810@mail.com,BEL-KOT-0810,1998-06-23,external,Welcome@123
Ananya Agarwal,ananya.agarwal811@mail.com,BEL-KOT-0811,1999-07-26,internal,Welcome@123
Aniket Bhandari,aniket.bhandari812@mail.com,BEL-KOT-0812,2000-08-01,external,Welcome@123
Anjali Chaudhary,anjali.chaudhary813@mail.com,BEL-KOT-0813,2001-09-04,internal,Welcome@123
Anjali Desai,anjali.desai814@mail.com,BEL-KOT-0814,2002-10-07,external,Welcome@123
Ankit Garg,ankit.garg815@mail.com,BEL-KOT-0815,2003-11-10,internal,Welcome@123
Anushka Gupta,anushka.gupta816@mail.com,BEL-KOT-0816,2004-12-13,external,Welcome@123
Arjun Iyer,arjun.iyer817@mail.com,BEL-KOT-0817,1997-01-16,internal,Welcome@123
Arnav Jain,arnav.jain818@mail.com,BEL-KOT-0818,1998-02-19,external,Welcome@123
Arpita Khandelwal,arpita.khandelwal819@mail.com,BEL-KOT-0819,1999-03-22,internal,Welcome@123
Aryan Kulkarni,aryan.kulkarni820@mail.com,BEL-KOT-0820,2000-04-25,external,Welcome@123
Bhavya Mehta,bhavya.mehta821@mail.com,BEL-KOT-0821,2001-05-28,internal,Welcome@123
Dev Mishra,dev.mishra822@mail.com,BEL-KOT-0822,2002-06-03,external,Welcome@123
Diya Mukherjee,diya.mukherjee823@mail.com,BEL-KOT-0823,2003-07-06,internal,Welcome@123
Gaurav Nair,gaurav.nair824@mail.com,BEL-KOT-0824,2004-08-09,external,Welcome@123
Isha Nandan,isha.nandan825@mail.com,BEL-KOT-0825,1997-09-12,internal,Welcome@123
Ishita Nath,ishita.nath826@mail.com,BEL-KOT-0826,1998-10-15,external,Welcome@123
Jai Patel,jai.patel827@mail.com,BEL-KOT-0827,1999-11-18,internal,Welcome@123
Karan Prasad,karan.prasad828@mail.com,BEL-KOT-0828,2000-12-21,external,Welcome@123
Kavya Reddy,kavya.reddy829@mail.com,BEL-KOT-0829,2001-01-24,internal,Welcome@123
Krishna Saxena,krishna.saxena830@mail.com,BEL-KOT-0830,2002-02-27,external,Welcome@123
Lakshya Shah,lakshya.shah831@mail.com,BEL-KOT-0831,2003-03-02,internal,Welcome@123
Manish Sharma,manish.sharma832@mail.com,BEL-KOT-0832,2004-04-05,external,Welcome@123
Meera Singh,meera.singh833@mail.com,BEL-KOT-0833,1997-05-08,internal,Welcome@123
Mihir Sinha,mihir.sinha834@mail.com,BEL-KOT-0834,1998-06-11,external,Welcome@123
Minal Srivastava,minal.srivastava835@mail.com,BEL-KOT-0835,1999-07-14,internal,Welcome@123
Mitali Sundar,mitali.sundar836@mail.com,BEL-KOT-0836,2000-08-17,external,Welcome@123
Mohan Varma,mohan.varma837@mail.com,BEL-KOT-0837,2001-09-20,internal,Welcome@123
Nadia Verma,nadia.verma838@mail.com,BEL-KOT-0838,2002-10-23,external,Welcome@123
Nikhil Yadav,nikhil.yadav839@mail.com,BEL-KOT-0839,2003-11-26,internal,Welcome@123
Nisha Rao,nisha.rao840@mail.com,BEL-KOT-0840,2004-12-01,external,Welcome@123
Pallavi Joshi,pallavi.joshi841@mail.com,BEL-KOT-0841,1997-01-04,internal,Welcome@123
Parth Pandey,parth.pandey842@mail.com,BEL-KOT-0842,1998-02-07,external,Welcome@123
Prachi Singhal,prachi.singhal843@mail.com,BEL-KOT-0843,1999-03-10,internal,Welcome@123
Pranav Shroff,pranav.shroff844@mail.com,BEL-KOT-0844,2000-04-13,external,Welcome@123
Priya Kapoor,priya.kapoor845@mail.com,BEL-KOT-0845,2001-05-16,internal,Welcome@123
Rahul Chopra,rahul.chopra846@mail.com,BEL-KOT-0846,2002-06-19,external,Welcome@123
Rajat Chadha,rajat.chadha847@mail.com,BEL-KOT-0847,2003-07-22,internal,Welcome@123
Riya Malhotra,riya.malhotra848@mail.com,BEL-KOT-0848,2004-08-25,external,Welcome@123
Rohit Shetty,rohit.shetty849@mail.com,BEL-KOT-0849,1997-09-28,internal,Welcome@123
Sahil Nambiar,sahil.nambiar850@mail.com,BEL-KOT-0850,1998-10-03,external,Welcome@123
Sameer Banerjee,sameer.banerjee851@mail.com,BEL-KOT-0851,1999-11-06,internal,Welcome@123
Sanjay Chatterjee,sanjay.chatterjee852@mail.com,BEL-KOT-0852,2000-12-09,external,Welcome@123
Sanya Ghosh,sanya.ghosh853@mail.com,BEL-KOT-0853,2001-01-12,internal,Welcome@123
Saurav Das,saurav.das854@mail.com,BEL-KOT-0854,2002-02-15,external,Welcome@123
Shreya Roy,shreya.roy855@mail.com,BEL-KOT-0855,2003-03-18,internal,Welcome@123
Siddharth Sen,siddharth.sen856@mail.com,BEL-KOT-0856,2004-04-21,external,Welcome@123
Sonal Bose,sonal.bose857@mail.com,BEL-KOT-0857,1997-05-24,internal,Welcome@123
Soumya Mitra,soumya.mitra858@mail.com,BEL-KOT-0858,1998-06-27,external,Welcome@123
Subhash Dutta,subhash.dutta859@mail.com,BEL-KOT-0859,1999-07-02,internal,Welcome@123
Suraj Gautam,suraj.gautam860@mail.com,BEL-KOT-0860,2000-08-05,external,Welcome@123
Tanvi Kumar,tanvi.kumar861@mail.com,BEL-KOT-0861,2001-09-08,internal,Welcome@123
Tanya Dasgupta,tanya.dasgupta862@mail.com,BEL-KOT-0862,2002-10-11,external,Welcome@123
Tarun Prakash,tarun.prakash863@mail.com,BEL-KOT-0863,2003-11-14,internal,Welcome@123
Uday Shukla,uday.shukla864@mail.com,BEL-KOT-0864,2004-12-17,external,Welcome@123
Ujjwal Tripathi,ujjwal.tripathi865@mail.com,BEL-KOT-0865,1997-01-20,internal,Welcome@123
Uma Tiwari,uma.tiwari866@mail.com,BEL-KOT-0866,1998-02-23,external,Welcome@123
Vaibhav Yadav,vaibhav.yadav867@mail.com,BEL-KOT-0867,1999-03-26,internal,Welcome@123
Varun Khan,varun.khan868@mail.com,BEL-KOT-0868,2000-04-01,external,Welcome@123
Vasudha Shaikh,vasudha.shaikh869@mail.com,BEL-KOT-0869,2001-05-04,internal,Welcome@123
Vijay Mirza,vijay.mirza870@mail.com,BEL-KOT-0870,2002-06-07,external,Welcome@123
Vikram Ansari,vikram.ansari871@mail.com,BEL-KOT-0871,2003-07-10,internal,Welcome@123
Vimal Qureshi,vimal.qureshi872@mail.com,BEL-KOT-0872,2004-08-13,external,Welcome@123
Yash Chowdhury,yash.chowdhury873@mail.com,BEL-KOT-0873,1997-09-16,internal,Welcome@123
Yogesh Hussain,yogesh.hussain874@mail.com,BEL-KOT-0874,1998-10-19,external,Welcome@123
Zara Ali,zara.ali875@mail.com,BEL-KOT-0875,1999-11-22,internal,Welcome@123
Zoya Syed,zoya.syed876@mail.com,BEL-KOT-0876,2000-12-25,external,Welcome@123
Aarohi Begum,aarohi.begum877@mail.com,BEL-KOT-0877,2001-01-28,internal,Welcome@123
Bonita Saxena,bonita.saxena878@mail.com,BEL-KOT-0878,2002-02-03,external,Welcome@123
Charu Chandra,charu.chandra879@mail.com,BEL-KOT-0879,2003-03-06,internal,Welcome@123
Deepa Bhattacharya,deepa.bhattacharya880@mail.com,BEL-KOT-0880,2004-04-09,external,Welcome@123
Esha Nayak,esha.nayak881@mail.com,BEL-KOT-0881,1997-05-12,internal,Welcome@123
Farhan Sahu,farhan.sahu882@mail.com,BEL-KOT-0882,1998-06-15,external,Welcome@123
Gita Behera,gita.behera883@mail.com,BEL-KOT-0883,1999-07-18,internal,Welcome@123
Hina Patra,hina.patra884@mail.com,BEL-KOT-0884,2000-08-21,external,Welcome@123
Indira Mahajan,indira.mahajan885@mail.com,BEL-KOT-0885,2001-09-24,internal,Welcome@123
Javed Gowda,javed.gowda886@mail.com,BEL-KOT-0886,2002-10-27,external,Welcome@123
Kajal Nayyar,kajal.nayyar887@mail.com,BEL-KOT-0887,2003-11-02,internal,Welcome@123
Lata Arora,lata.arora888@mail.com,BEL-KOT-0888,2004-12-05,external,Welcome@123
Mira Chopra,mira.chopra889@mail.com,BEL-KOT-0889,1997-01-08,internal,Welcome@123
Naina Basu,naina.basu890@mail.com,BEL-KOT-0890,1998-02-11,external,Welcome@123
Omkar Malik,omkar.malik891@mail.com,BEL-KOT-0891,1999-03-14,internal,Welcome@123
Pooja Gill,pooja.gill892@mail.com,BEL-KOT-0892,2000-04-17,external,Welcome@123
Rachna Sandhu,rachna.sandhu893@mail.com,BEL-KOT-0893,2001-05-20,internal,Welcome@123
Sagar Brar,sagar.brar894@mail.com,BEL-KOT-0894,2002-06-23,external,Welcome@123
Tara Bhatti,tara.bhatti895@mail.com,BEL-KOT-0895,2003-07-26,internal,Welcome@123
Uma Dhillon,uma.dhillon896@mail.com,BEL-KOT-0896,2004-08-01,external,Welcome@123
Vani Kaur,vani.kaur897@mail.com,BEL-KOT-0897,1997-09-04,internal,Welcome@123
Wahid Sekhon,wahid.sekhon898@mail.com,BEL-KOT-0898,1998-10-07,external,Welcome@123
Yamini Mann,yamini.mann899@mail.com,BEL-KOT-0899,1999-11-10,internal,Welcome@123
Zain Singh,zain.singh900@mail.com,BEL-KOT-0900,2000-12-13,external,Welcome@123
Aarav Agarwal,aarav.agarwal901@mail.com,BEL-KOT-0901,2001-01-16,internal,Welcome@123
Advait Bhandari,advait.bhandari902@mail.com,BEL-KOT-0902,2002-02-19,external,Welcome@123
Aditi Chaudhary,aditi.chaudhary903@mail.com,BEL-KOT-0903,2003-03-22,internal,Welcome@123
Aisha Desai,aisha.desai904@mail.com,BEL-KOT-0904,2004-04-25,external,Welcome@123
Akash Garg,akash.garg905@mail.com,BEL-KOT-0905,1997-05-28,internal,Welcome@123
Akshay Gupta,akshay.gupta906@mail.com,BEL-KOT-0906,1998-06-03,external,Welcome@123
Alok Iyer,alok.iyer907@mail.com,BEL-KOT-0907,1999-07-06,internal,Welcome@123
Amar Jain,amar.jain908@mail.com,BEL-KOT-0908,2000-08-09,external,Welcome@123
Amit Khandelwal,amit.khandelwal909@mail.com,BEL-KOT-0909,2001-09-12,internal,Welcome@123
Amrita Kulkarni,amrita.kulkarni910@mail.com,BEL-KOT-0910,2002-10-15,external,Welcome@123
Ananya Mehta,ananya.mehta911@mail.com,BEL-KOT-0911,2003-11-18,internal,Welcome@123
Aniket Mishra,aniket.mishra912@mail.com,BEL-KOT-0912,2004-12-21,external,Welcome@123
Anjali Mukherjee,anjali.mukherjee913@mail.com,BEL-KOT-0913,1997-01-24,internal,Welcome@123
Anjali Nair,anjali.nair914@mail.com,BEL-KOT-0914,1998-02-27,external,Welcome@123
Ankit Nandan,ankit.nandan915@mail.com,BEL-KOT-0915,1999-03-02,internal,Welcome@123
Anushka Nath,anushka.nath916@mail.com,BEL-KOT-0916,2000-04-05,external,Welcome@123
Arjun Patel,arjun.patel917@mail.com,BEL-KOT-0917,2001-05-08,internal,Welcome@123
Arnav Prasad,arnav.prasad918@mail.com,BEL-KOT-0918,2002-06-11,external,Welcome@123
Arpita Reddy,arpita.reddy919@mail.com,BEL-KOT-0919,2003-07-14,internal,Welcome@123
Aryan Saxena,aryan.saxena920@mail.com,BEL-KOT-0920,2004-08-17,external,Welcome@123
Bhavya Shah,bhavya.shah921@mail.com,BEL-KOT-0921,1997-09-20,internal,Welcome@123
Dev Sharma,dev.sharma922@mail.com,BEL-KOT-0922,1998-10-23,external,Welcome@123
Diya Singh,diya.singh923@mail.com,BEL-KOT-0923,1999-11-26,internal,Welcome@123
Gaurav Sinha,gaurav.sinha924@mail.com,BEL-KOT-0924,2000-12-01,external,Welcome@123
Isha Srivastava,isha.srivastava925@mail.com,BEL-KOT-0925,2001-01-04,internal,Welcome@123
Ishita Sundar,ishita.sundar926@mail.com,BEL-KOT-0926,2002-02-07,external,Welcome@123
Jai Varma,jai.varma927@mail.com,BEL-KOT-0927,2003-03-10,internal,Welcome@123
Karan Verma,karan.verma928@mail.com,BEL-KOT-0928,2004-04-13,external,Welcome@123
Kavya Yadav,kavya.yadav929@mail.com,BEL-KOT-0929,1997-05-16,internal,Welcome@123
Krishna Rao,krishna.rao930@mail.com,BEL-KOT-0930,1998-06-19,external,Welcome@123
Lakshya Joshi,lakshya.joshi931@mail.com,BEL-KOT-0931,1999-07-22,internal,Welcome@123
Manish Pandey,manish.pandey932@mail.com,BEL-KOT-0932,2000-08-25,external,Welcome@123
Meera Singhal,meera.singhal933@mail.com,BEL-KOT-0933,2001-09-28,internal,Welcome@123
Mihir Shroff,mihir.shroff934@mail.com,BEL-KOT-0934,2002-10-03,external,Welcome@123
Minal Kapoor,minal.kapoor935@mail.com,BEL-KOT-0935,2003-11-06,internal,Welcome@123
Mitali Chopra,mitali.chopra936@mail.com,BEL-KOT-0936,2004-12-09,external,Welcome@123
Mohan Chadha,mohan.chadha937@mail.com,BEL-KOT-0937,1997-01-12,internal,Welcome@123
Nadia Malhotra,nadia.malhotra938@mail.com,BEL-KOT-0938,1998-02-15,external,Welcome@123
Nikhil Shetty,nikhil.shetty939@mail.com,BEL-KOT-0939,1999-03-18,internal,Welcome@123
Nisha Nambiar,nisha.nambiar940@mail.com,BEL-KOT-0940,2000-04-21,external,Welcome@123
Pallavi Banerjee,pallavi.banerjee941@mail.com,BEL-KOT-0941,2001-05-24,internal,Welcome@123
Parth Chatterjee,parth.chatterjee942@mail.com,BEL-KOT-0942,2002-06-27,external,Welcome@123
Prachi Ghosh,prachi.ghosh943@mail.com,BEL-KOT-0943,2003-07-02,internal,Welcome@123
Pranav Das,pranav.das944@mail.com,BEL-KOT-0944,2004-08-05,external,Welcome@123
Priya Roy,priya.roy945@mail.com,BEL-KOT-0945,1997-09-08,internal,Welcome@123
Rahul Sen,rahul.sen946@mail.com,BEL-KOT-0946,1998-10-11,external,Welcome@123
Rajat Bose,rajat.bose947@mail.com,BEL-KOT-0947,1999-11-14,internal,Welcome@123
Riya Mitra,riya.mitra948@mail.com,BEL-KOT-0948,2000-12-17,external,Welcome@123
Rohit Dutta,rohit.dutta949@mail.com,BEL-KOT-0949,2001-01-20,internal,Welcome@123
Sahil Gautam,sahil.gautam950@mail.com,BEL-KOT-0950,2002-02-23,external,Welcome@123
Sameer Kumar,sameer.kumar951@mail.com,BEL-KOT-0951,2003-03-26,internal,Welcome@123
Sanjay Dasgupta,sanjay.dasgupta952@mail.com,BEL-KOT-0952,2004-04-01,external,Welcome@123
Sanya Prakash,sanya.prakash953@mail.com,BEL-KOT-0953,1997-05-04,internal,Welcome@123
Saurav Shukla,saurav.shukla954@mail.com,BEL-KOT-0954,1998-06-07,external,Welcome@123
Shreya Tripathi,shreya.tripathi955@mail.com,BEL-KOT-0955,1999-07-10,internal,Welcome@123
Siddharth Tiwari,siddharth.tiwari956@mail.com,BEL-KOT-0956,2000-08-13,external,Welcome@123
Sonal Yadav,sonal.yadav957@mail.com,BEL-KOT-0957,2001-09-16,internal,Welcome@123
Soumya Khan,soumya.khan958@mail.com,BEL-KOT-0958,2002-10-19,external,Welcome@123
Subhash Shaikh,subhash.shaikh959@mail.com,BEL-KOT-0959,2003-11-22,internal,Welcome@123
Suraj Mirza,suraj.mirza960@mail.com,BEL-KOT-0960,2004-12-25,external,Welcome@123
Tanvi Ansari,tanvi.ansari961@mail.com,BEL-KOT-0961,1997-01-28,internal,Welcome@123
Tanya Qureshi,tanya.qureshi962@mail.com,BEL-KOT-0962,1998-02-03,external,Welcome@123
Tarun Chowdhury,tarun.chowdhury963@mail.com,BEL-KOT-0963,1999-03-06,internal,Welcome@123
Uday Hussain,uday.hussain964@mail.com,BEL-KOT-0964,2000-04-09,external,Welcome@123
Ujjwal Ali,ujjwal.ali965@mail.com,BEL-KOT-0965,2001-05-12,internal,Welcome@123
Uma Syed,uma.syed966@mail.com,BEL-KOT-0966,2002-06-15,external,Welcome@123
Vaibhav Begum,vaibhav.begum967@mail.com,BEL-KOT-0967,2003-07-18,internal,Welcome@123
Varun Saxena,varun.saxena968@mail.com,BEL-KOT-0968,2004-08-21,external,Welcome@123
Vasudha Chandra,vasudha.chandra969@mail.com,BEL-KOT-0969,1997-09-24,internal,Welcome@123
Vijay Bhattacharya,vijay.bhattacharya970@mail.com,BEL-KOT-0970,1998-10-27,external,Welcome@123
Vikram Nayak,vikram.nayak971@mail.com,BEL-KOT-0971,1999-11-02,internal,Welcome@123
Vimal Sahu,vimal.sahu972@mail.com,BEL-KOT-0972,2000-12-05,external,Welcome@123
Yash Behera,yash.behera973@mail.com,BEL-KOT-0973,2001-01-08,internal,Welcome@123
Yogesh Patra,yogesh.patra974@mail.com,BEL-KOT-0974,2002-02-11,external,Welcome@123
Zara Mahajan,zara.mahajan975@mail.com,BEL-KOT-0975,2003-03-14,internal,Welcome@123
Zoya Gowda,zoya.gowda976@mail.com,BEL-KOT-0976,2004-04-17,external,Welcome@123
Aarohi Nayyar,aarohi.nayyar977@mail.com,BEL-KOT-0977,1997-05-20,internal,Welcome@123
Bonita Arora,bonita.arora978@mail.com,BEL-KOT-0978,1998-06-23,external,Welcome@123
Charu Chopra,charu.chopra979@mail.com,BEL-KOT-0979,1999-07-26,internal,Welcome@123
Deepa Basu,deepa.basu980@mail.com,BEL-KOT-0980,2000-08-01,external,Welcome@123
Esha Malik,esha.malik981@mail.com,BEL-KOT-0981,2001-09-04,internal,Welcome@123
Farhan Gill,farhan.gill982@mail.com,BEL-KOT-0982,2002-10-07,external,Welcome@123
Gita Sandhu,gita.sandhu983@mail.com,BEL-KOT-0983,2003-11-10,internal,Welcome@123
Hina Brar,hina.brar984@mail.com,BEL-KOT-0984,2004-12-13,external,Welcome@123
Indira Bhatti,indira.bhatti985@mail.com,BEL-KOT-0985,1997-01-16,internal,Welcome@123
Javed Dhillon,javed.dhillon986@mail.com,BEL-KOT-0986,1998-02-19,external,Welcome@123
Kajal Kaur,kajal.kaur987@mail.com,BEL-KOT-0987,1999-03-22,internal,Welcome@123
Lata Sekhon,lata.sekhon988@mail.com,BEL-KOT-0988,2000-04-25,external,Welcome@123
Mira Mann,mira.mann989@mail.com,BEL-KOT-0989,2001-05-28,internal,Welcome@123
Naina Singh,naina.singh990@mail.com,BEL-KOT-0990,2002-06-03,external,Welcome@123
Omkar Agarwal,omkar.agarwal991@mail.com,BEL-KOT-0991,2003-07-06,internal,Welcome@123
Pooja Bhandari,pooja.bhandari992@mail.com,BEL-KOT-0992,2004-08-09,external,Welcome@123
Rachna Chaudhary,rachna.chaudhary993@mail.com,BEL-KOT-0993,1997-09-12,internal,Welcome@123
Sagar Desai,sagar.desai994@mail.com,BEL-KOT-0994,1998-10-15,external,Welcome@123
Tara Garg,tara.garg995@mail.com,BEL-KOT-0995,1999-11-18,internal,Welcome@123
Uma Gupta,uma.gupta996@mail.com,BEL-KOT-0996,2000-12-21,external,Welcome@123
Vani Iyer,vani.iyer997@mail.com,BEL-KOT-0997,2001-01-24,internal,Welcome@123
Wahid Jain,wahid.jain998@mail.com,BEL-KOT-0998,2002-02-27,external,Welcome@123
Yamini Khandelwal,yamini.khandelwal999@mail.com,BEL-KOT-0999,2003-03-02,internal,Welcome@123
Zain Kulkarni,zain.kulkarni1000@mail.com,BEL-KOT-1000,2004-04-05,external,Welcome@123
